run_accession,fastq_ftp,Timepoint,sample_title,initially_inactive_x_allele,experiment_alias,sra_bytes
SRR12153073,ftp.sra.ebi.ac.uk/vol1/fastq/SRR121/073/SRR12153073/SRR12153073.fastq.gz,Day_12,GC071398_TAAGGCTC-TCGACGTC,Cast,GSM4655927,100968044
SRR12152898,ftp.sra.ebi.ac.uk/vol1/fastq/SRR121/098/SRR12152898/SRR12152898.fastq.gz,Day_12,GC071398_AGCTAGAA-CCTAAGAC,Cast,GSM4655752,87872641
SRR12152862,ftp.sra.ebi.ac.uk/vol1/fastq/SRR121/062/SRR12152862/SRR12152862.fastq.gz,Day_12,GC071398_ACTCTAGG-CCTAAGAC,Cast,GSM4655716,79874324
SRR12152899,ftp.sra.ebi.ac.uk/vol1/fastq/SRR121/099/SRR12152899/SRR12152899.fastq.gz,Day_12,GC071398_AGCTAGAA-CGATCAGT,Cast,GSM4655753,73629486
SRR12152900,ftp.sra.ebi.ac.uk/vol1/fastq/SRR121/000/SRR12152900/SRR12152900.fastq.gz,Day_12,GC071398_AGCTAGAA-CGGAGCCT,Cast,GSM4655754,69953654
SRR12152901,ftp.sra.ebi.ac.uk/vol1/fastq/SRR121/001/SRR12152901/SRR12152901.fastq.gz,Day_12,GC071398_AGCTAGAA-GCGTAGTA,Cast,GSM4655755,68323138
SRR12152951,ftp.sra.ebi.ac.uk/vol1/fastq/SRR121/051/SRR12152951/SRR12152951.fastq.gz,Day_12,GC071398_ATAGAGAG-TAGGCATG,Mus,GSM4655805,59606394
SRR12153067,ftp.sra.ebi.ac.uk/vol1/fastq/SRR121/067/SRR12153067/SRR12153067.fastq.gz,Day_12,GC071398_TAAGGCTC-CGATCAGT,Cast,GSM4655921,55132860
SRR12153022,ftp.sra.ebi.ac.uk/vol1/fastq/SRR121/022/SRR12153022/SRR12153022.fastq.gz,Day_12,GC071398_CTAGTCGA-GGAGCTAC,Cast,GSM4655876,54257316
SRR12152870,ftp.sra.ebi.ac.uk/vol1/fastq/SRR121/070/SRR12152870/SRR12152870.fastq.gz,Day_12,GC071398_ACTCTAGG-TGCAGCTA,Cast,GSM4655724,54127874
SRR12153066,ftp.sra.ebi.ac.uk/vol1/fastq/SRR121/066/SRR12153066/SRR12153066.fastq.gz,Day_12,GC071398_TAAGGCTC-CCTAAGAC,Cast,GSM4655920,52979033
SRR12152891,ftp.sra.ebi.ac.uk/vol1/fastq/SRR121/091/SRR12152891/SRR12152891.fastq.gz,Day_12,GC071398_AGAGGATA-TAGGCATG,Mus,GSM4655745,51657944
SRR12152594,ftp.sra.ebi.ac.uk/vol1/fastq/SRR121/094/SRR12152594/SRR12152594.fastq.gz,Day_8,GC071392_ATAGAGAG-TGCAGCTA,Mus,GSM4655448,51247305
SRR12152918,ftp.sra.ebi.ac.uk/vol1/fastq/SRR121/018/SRR12152918/SRR12152918.fastq.gz,Day_12,GC071398_AGGCTTAG-CTCTCTAC,Mus,GSM4655772,50849490
SRR12153115,ftp.sra.ebi.ac.uk/vol1/fastq/SRR121/015/SRR12153115/SRR12153115.fastq.gz,Day_12,GC071398_TATGCAGT-GTAGAGGA,Mus,GSM4655969,49401761
SRR12153056,ftp.sra.ebi.ac.uk/vol1/fastq/SRR121/056/SRR12153056/SRR12153056.fastq.gz,Day_12,GC071398_CTTAATAG-CGGAGCCT,Cast,GSM4655910,46470096
SRR12153004,ftp.sra.ebi.ac.uk/vol1/fastq/SRR121/004/SRR12153004/SRR12153004.fastq.gz,Day_12,GC071398_CGGAGAGA-GCTCATGA,Mus,GSM4655858,45643568
SRR12152994,ftp.sra.ebi.ac.uk/vol1/fastq/SRR121/094/SRR12152994/SRR12152994.fastq.gz,Day_12,GC071398_CGGAGAGA-AGGCAGAA,Mus,GSM4655848,45638262
SRR12153135,ftp.sra.ebi.ac.uk/vol1/fastq/SRR121/035/SRR12153135/SRR12153135.fastq.gz,Day_12,GC071398_TCTTACGC-ACTCGCTA,Cast,GSM4655989,44575103
SRR12152866,ftp.sra.ebi.ac.uk/vol1/fastq/SRR121/066/SRR12152866/SRR12152866.fastq.gz,Day_12,GC071398_ACTCTAGG-GGAGCTAC,Cast,GSM4655720,44559527
SRR12153071,ftp.sra.ebi.ac.uk/vol1/fastq/SRR121/071/SRR12153071/SRR12153071.fastq.gz,Day_12,GC071398_TAAGGCTC-TACGCTGC,Cast,GSM4655925,44229469
SRR12152859,ftp.sra.ebi.ac.uk/vol1/fastq/SRR121/059/SRR12152859/SRR12152859.fastq.gz,Day_12,GC071398_ACTCTAGG-ACTCGCTA,Cast,GSM4655713,44158967
SRR12152948,ftp.sra.ebi.ac.uk/vol1/fastq/SRR121/048/SRR12152948/SRR12152948.fastq.gz,Day_12,GC071398_ATAGAGAG-TAAGGCGA,Mus,GSM4655802,43376916
SRR12152921,ftp.sra.ebi.ac.uk/vol1/fastq/SRR121/021/SRR12152921/SRR12152921.fastq.gz,Day_12,GC071398_AGGCTTAG-GGACTCCT,Mus,GSM4655775,43191716
SRR12152987,ftp.sra.ebi.ac.uk/vol1/fastq/SRR121/087/SRR12152987/SRR12152987.fastq.gz,Day_12,GC071398_ATTAGACG-TAGGCATG,Mus,GSM4655841,42596884
SRR12152968,ftp.sra.ebi.ac.uk/vol1/fastq/SRR121/068/SRR12152968/SRR12152968.fastq.gz,iPSCs,GC071398_ATTAGACG-ACTCGCTA,Mus,GSM4655822,41022646
SRR12152943,ftp.sra.ebi.ac.uk/vol1/fastq/SRR121/043/SRR12152943/SRR12152943.fastq.gz,iPSCs,GC071398_ATAGAGAG-GCGTAGTA,Mus,GSM4655797,40971291
SRR12153035,ftp.sra.ebi.ac.uk/vol1/fastq/SRR121/035/SRR12153035/SRR12153035.fastq.gz,iPSCs,GC071398_CTCCTTAC-CGATCAGT,Mus,GSM4655889,40390707
SRR12153005,ftp.sra.ebi.ac.uk/vol1/fastq/SRR121/005/SRR12153005/SRR12153005.fastq.gz,Day_12,GC071398_CGGAGAGA-GGACTCCT,Mus,GSM4655859,40159901
SRR12152497,ftp.sra.ebi.ac.uk/vol1/fastq/SRR121/097/SRR12152497/SRR12152497.fastq.gz,Day_10,GC071392_ACTCTAGG-TCGACGTC,Mus,GSM4655351,39989367
SRR12152976,ftp.sra.ebi.ac.uk/vol1/fastq/SRR121/076/SRR12152976/SRR12152976.fastq.gz,iPSCs,GC071398_ATTAGACG-CGGAGCCT,Mus,GSM4655830,39867392
SRR12152545,ftp.sra.ebi.ac.uk/vol1/fastq/SRR121/045/SRR12152545/SRR12152545.fastq.gz,Day_10,GC071392_AGCTAGAA-TCGACGTC,Mus,GSM4655399,39861827
SRR12152954,ftp.sra.ebi.ac.uk/vol1/fastq/SRR121/054/SRR12152954/SRR12152954.fastq.gz,iPSCs,GC071398_ATAGAGAG-TGCAGCTA,Mus,GSM4655808,39712814
SRR12152973,ftp.sra.ebi.ac.uk/vol1/fastq/SRR121/073/SRR12152973/SRR12152973.fastq.gz,iPSCs,GC071398_ATTAGACG-CCTAAGAC,Mus,GSM4655827,39070892
SRR12153068,ftp.sra.ebi.ac.uk/vol1/fastq/SRR121/068/SRR12153068/SRR12153068.fastq.gz,Day_12,GC071398_TAAGGCTC-CGGAGCCT,Cast,GSM4655922,38907957
SRR12152991,ftp.sra.ebi.ac.uk/vol1/fastq/SRR121/091/SRR12152991/SRR12152991.fastq.gz,Day_12,GC071398_CGGAGAGA-AAGAGGCA,Mus,GSM4655845,38810112
SRR12153086,ftp.sra.ebi.ac.uk/vol1/fastq/SRR121/086/SRR12153086/SRR12153086.fastq.gz,Day_12,GC071398_TACTCCTT-CTCTCTAC,Mus,GSM4655940,38369130
SRR12152882,ftp.sra.ebi.ac.uk/vol1/fastq/SRR121/082/SRR12152882/SRR12152882.fastq.gz,Day_12,GC071398_AGAGGATA-CTCTCTAC,Mus,GSM4655736,38310086
SRR12153113,ftp.sra.ebi.ac.uk/vol1/fastq/SRR121/013/SRR12153113/SRR12153113.fastq.gz,Day_12,GC071398_TATGCAGT-GGACTCCT,Mus,GSM4655967,37814587
SRR12153026,ftp.sra.ebi.ac.uk/vol1/fastq/SRR121/026/SRR12153026/SRR12153026.fastq.gz,Day_12,GC071398_CTAGTCGA-TGCAGCTA,Cast,GSM4655880,37786894
SRR12152896,ftp.sra.ebi.ac.uk/vol1/fastq/SRR121/096/SRR12152896/SRR12152896.fastq.gz,Day_12,GC071398_AGCTAGAA-ACTGAGCG,Cast,GSM4655750,37766143
SRR12152932,ftp.sra.ebi.ac.uk/vol1/fastq/SRR121/032/SRR12152932/SRR12152932.fastq.gz,iPSCs,GC071398_ATAGAGAG-ACTCGCTA,Mus,GSM4655786,37708797
SRR12153114,ftp.sra.ebi.ac.uk/vol1/fastq/SRR121/014/SRR12153114/SRR12153114.fastq.gz,iPSCs,GC071398_TATGCAGT-GGAGCTAC,Mus,GSM4655968,37492880
SRR12152920,ftp.sra.ebi.ac.uk/vol1/fastq/SRR121/020/SRR12152920/SRR12152920.fastq.gz,Day_12,GC071398_AGGCTTAG-GCTCATGA,Mus,GSM4655774,37458834
SRR12153130,ftp.sra.ebi.ac.uk/vol1/fastq/SRR121/030/SRR12153130/SRR12153130.fastq.gz,Day_12,GC071398_TCGCATAA-GGAGCTAC,Cast,GSM4655984,37375399
SRR12153051,ftp.sra.ebi.ac.uk/vol1/fastq/SRR121/051/SRR12153051/SRR12153051.fastq.gz,Day_12,GC071398_CTTAATAG-ACTCGCTA,Cast,GSM4655905,37178477
SRR12153057,ftp.sra.ebi.ac.uk/vol1/fastq/SRR121/057/SRR12153057/SRR12153057.fastq.gz,Day_12,GC071398_CTTAATAG-GCGTAGTA,Cast,GSM4655911,37128894
SRR12153036,ftp.sra.ebi.ac.uk/vol1/fastq/SRR121/036/SRR12153036/SRR12153036.fastq.gz,iPSCs,GC071398_CTCCTTAC-CGGAGCCT,Mus,GSM4655890,36821311
SRR12153037,ftp.sra.ebi.ac.uk/vol1/fastq/SRR121/037/SRR12153037/SRR12153037.fastq.gz,Day_12,GC071398_CTCCTTAC-CGTACTAG,Mus,GSM4655891,36623910
SRR12152886,ftp.sra.ebi.ac.uk/vol1/fastq/SRR121/086/SRR12152886/SRR12152886.fastq.gz,iPSCs,GC071398_AGAGGATA-GGAGCTAC,Mus,GSM4655740,36273098
SRR12152904,ftp.sra.ebi.ac.uk/vol1/fastq/SRR121/004/SRR12152904/SRR12152904.fastq.gz,Day_12,GC071398_AGCTAGAA-TAGCGCTC,Cast,GSM4655758,36265143
SRR12152939,ftp.sra.ebi.ac.uk/vol1/fastq/SRR121/039/SRR12152939/SRR12152939.fastq.gz,iPSCs,GC071398_ATAGAGAG-CGATCAGT,Mus,GSM4655793,36245214
SRR12153146,ftp.sra.ebi.ac.uk/vol1/fastq/SRR121/046/SRR12153146/SRR12153146.fastq.gz,Day_12,GC071398_TCTTACGC-TGCAGCTA,Cast,GSM4656000,36163138
SRR12152876,ftp.sra.ebi.ac.uk/vol1/fastq/SRR121/076/SRR12152876/SRR12152876.fastq.gz,iPSCs,GC071398_AGAGGATA-ATGCGCAG,Mus,GSM4655730,36083959
SRR12152908,ftp.sra.ebi.ac.uk/vol1/fastq/SRR121/008/SRR12152908/SRR12152908.fastq.gz,iPSCs,GC071398_AGGCTTAG-ACTCGCTA,Mus,GSM4655762,35813797
SRR12152857,ftp.sra.ebi.ac.uk/vol1/fastq/SRR121/057/SRR12152857/SRR12152857.fastq.gz,Day_10,GC071392_TCTTACGC-TCGACGTC,Mus,GSM4655711,35708142
SRR12152879,ftp.sra.ebi.ac.uk/vol1/fastq/SRR121/079/SRR12152879/SRR12152879.fastq.gz,iPSCs,GC071398_AGAGGATA-CGATCAGT,Mus,GSM4655733,35604549
SRR12152981,ftp.sra.ebi.ac.uk/vol1/fastq/SRR121/081/SRR12152981/SRR12152981.fastq.gz,Day_12,GC071398_ATTAGACG-GGACTCCT,Mus,GSM4655835,35498386
SRR12153043,ftp.sra.ebi.ac.uk/vol1/fastq/SRR121/043/SRR12153043/SRR12153043.fastq.gz,Day_12,GC071398_CTCCTTAC-GTAGAGGA,Mus,GSM4655897,35463475
SRR12153083,ftp.sra.ebi.ac.uk/vol1/fastq/SRR121/083/SRR12153083/SRR12153083.fastq.gz,iPSCs,GC071398_TACTCCTT-CGATCAGT,Mus,GSM4655937,35420174
SRR12152716,ftp.sra.ebi.ac.uk/vol1/fastq/SRR121/016/SRR12152716/SRR12152716.fastq.gz,Day_10,GC071392_CTTAATAG-ACTCGCTA,Mus,GSM4655570,35297823
SRR12152869,ftp.sra.ebi.ac.uk/vol1/fastq/SRR121/069/SRR12152869/SRR12152869.fastq.gz,Day_12,GC071398_ACTCTAGG-TCGACGTC,Cast,GSM4655723,35166598
SRR12152878,ftp.sra.ebi.ac.uk/vol1/fastq/SRR121/078/SRR12152878/SRR12152878.fastq.gz,Day_12,GC071398_AGAGGATA-CGAGGCTG,Mus,GSM4655732,35122257
SRR12152890,ftp.sra.ebi.ac.uk/vol1/fastq/SRR121/090/SRR12152890/SRR12152890.fastq.gz,iPSCs,GC071398_AGAGGATA-TAGCGCTC,Mus,GSM4655744,35092335
SRR12152926,ftp.sra.ebi.ac.uk/vol1/fastq/SRR121/026/SRR12152926/SRR12152926.fastq.gz,iPSCs,GC071398_AGGCTTAG-TAGCGCTC,Mus,GSM4655780,35075471
SRR12152996,ftp.sra.ebi.ac.uk/vol1/fastq/SRR121/096/SRR12152996/SRR12152996.fastq.gz,iPSCs,GC071398_CGGAGAGA-ATGCGCAG,Mus,GSM4655850,35051048
SRR12152969,ftp.sra.ebi.ac.uk/vol1/fastq/SRR121/069/SRR12152969/SRR12152969.fastq.gz,iPSCs,GC071398_ATTAGACG-ACTGAGCG,Mus,GSM4655823,35046708
SRR12152587,ftp.sra.ebi.ac.uk/vol1/fastq/SRR121/087/SRR12152587/SRR12152587.fastq.gz,Day_0,GC071392_ATAGAGAG-GTAGAGGA,Mus,GSM4655441,34929117
SRR12152944,ftp.sra.ebi.ac.uk/vol1/fastq/SRR121/044/SRR12152944/SRR12152944.fastq.gz,Day_12,GC071398_ATAGAGAG-GCTCATGA,Mus,GSM4655798,34814806
SRR12152485,ftp.sra.ebi.ac.uk/vol1/fastq/SRR121/085/SRR12152485/SRR12152485.fastq.gz,Day_9,GC071392_ACTCTAGG-CGTACTAG,Mus,GSM4655339,34575271
SRR12153140,ftp.sra.ebi.ac.uk/vol1/fastq/SRR121/040/SRR12153140/SRR12153140.fastq.gz,Day_12,GC071398_TCTTACGC-CGGAGCCT,Cast,GSM4655994,34519874
SRR12152913,ftp.sra.ebi.ac.uk/vol1/fastq/SRR121/013/SRR12152913/SRR12152913.fastq.gz,iPSCs,GC071398_AGGCTTAG-CCTAAGAC,Mus,GSM4655767,34506576
SRR12152877,ftp.sra.ebi.ac.uk/vol1/fastq/SRR121/077/SRR12152877/SRR12152877.fastq.gz,iPSCs,GC071398_AGAGGATA-CCTAAGAC,Mus,GSM4655731,34424224
SRR12152902,ftp.sra.ebi.ac.uk/vol1/fastq/SRR121/002/SRR12152902/SRR12152902.fastq.gz,Day_12,GC071398_AGCTAGAA-GGAGCTAC,Cast,GSM4655756,34384299
SRR12152561,ftp.sra.ebi.ac.uk/vol1/fastq/SRR121/061/SRR12152561/SRR12152561.fastq.gz,Day_0,GC071392_AGGCTTAG-GGACTCCT,Mus,GSM4655415,34352747
SRR12152598,ftp.sra.ebi.ac.uk/vol1/fastq/SRR121/098/SRR12152598/SRR12152598.fastq.gz,Day_9,GC071392_ATAGCCTT-AGGCAGAA,Mus,GSM4655452,34219082
SRR12152933,ftp.sra.ebi.ac.uk/vol1/fastq/SRR121/033/SRR12152933/SRR12152933.fastq.gz,iPSCs,GC071398_ATAGAGAG-ACTGAGCG,Mus,GSM4655787,33993601
SRR12153080,ftp.sra.ebi.ac.uk/vol1/fastq/SRR121/080/SRR12153080/SRR12153080.fastq.gz,iPSCs,GC071398_TACTCCTT-ATGCGCAG,Mus,GSM4655934,33975156
SRR12152915,ftp.sra.ebi.ac.uk/vol1/fastq/SRR121/015/SRR12152915/SRR12152915.fastq.gz,iPSCs,GC071398_AGGCTTAG-CGATCAGT,Mus,GSM4655769,33828131
SRR12152657,ftp.sra.ebi.ac.uk/vol1/fastq/SRR121/057/SRR12152657/SRR12152657.fastq.gz,Day_0,GC071392_CGGAGAGA-GGACTCCT,Mus,GSM4655511,33627402
SRR12153074,ftp.sra.ebi.ac.uk/vol1/fastq/SRR121/074/SRR12153074/SRR12153074.fastq.gz,Day_12,GC071398_TAAGGCTC-TGCAGCTA,Cast,GSM4655928,33613156
SRR12153141,ftp.sra.ebi.ac.uk/vol1/fastq/SRR121/041/SRR12153141/SRR12153141.fastq.gz,Day_12,GC071398_TCTTACGC-GCGTAGTA,Cast,GSM4655995,33608761
SRR12152967,ftp.sra.ebi.ac.uk/vol1/fastq/SRR121/067/SRR12152967/SRR12152967.fastq.gz,Day_12,GC071398_ATTAGACG-AAGAGGCA,Mus,GSM4655821,33125557
SRR12152885,ftp.sra.ebi.ac.uk/vol1/fastq/SRR121/085/SRR12152885/SRR12152885.fastq.gz,Day_12,GC071398_AGAGGATA-GGACTCCT,Mus,GSM4655739,33076123
SRR12152974,ftp.sra.ebi.ac.uk/vol1/fastq/SRR121/074/SRR12152974/SRR12152974.fastq.gz,Day_12,GC071398_ATTAGACG-CGAGGCTG,Mus,GSM4655828,32712682
SRR12152740,ftp.sra.ebi.ac.uk/vol1/fastq/SRR121/040/SRR12152740/SRR12152740.fastq.gz,Day_10,GC071392_TAAGGCTC-ACTCGCTA,Mus,GSM4655594,32367519
SRR12153093,ftp.sra.ebi.ac.uk/vol1/fastq/SRR121/093/SRR12153093/SRR12153093.fastq.gz,iPSCs,GC071398_TACTCCTT-TACGCTGC,Mus,GSM4655947,32308148
SRR12152880,ftp.sra.ebi.ac.uk/vol1/fastq/SRR121/080/SRR12152880/SRR12152880.fastq.gz,iPSCs,GC071398_AGAGGATA-CGGAGCCT,Mus,GSM4655734,32225316
SRR12153016,ftp.sra.ebi.ac.uk/vol1/fastq/SRR121/016/SRR12153016/SRR12153016.fastq.gz,Day_12,GC071398_CTAGTCGA-ACTGAGCG,Cast,GSM4655870,32191006
SRR12152676,ftp.sra.ebi.ac.uk/vol1/fastq/SRR121/076/SRR12152676/SRR12152676.fastq.gz,Day_10,GC071392_CTAGTCGA-CGGAGCCT,Mus,GSM4655530,32091606
SRR12152923,ftp.sra.ebi.ac.uk/vol1/fastq/SRR121/023/SRR12152923/SRR12152923.fastq.gz,Day_12,GC071398_AGGCTTAG-GTAGAGGA,Mus,GSM4655777,32012541
SRR12152620,ftp.sra.ebi.ac.uk/vol1/fastq/SRR121/020/SRR12152620/SRR12152620.fastq.gz,Day_8,GC071392_ATTAGACG-ACTCGCTA,Mus,GSM4655474,31967210
SRR12152864,ftp.sra.ebi.ac.uk/vol1/fastq/SRR121/064/SRR12152864/SRR12152864.fastq.gz,Day_12,GC071398_ACTCTAGG-CGGAGCCT,Cast,GSM4655718,31964845
SRR12153145,ftp.sra.ebi.ac.uk/vol1/fastq/SRR121/045/SRR12153145/SRR12153145.fastq.gz,Day_12,GC071398_TCTTACGC-TCGACGTC,Cast,GSM4655999,31907681
SRR12152725,ftp.sra.ebi.ac.uk/vol1/fastq/SRR121/025/SRR12152725/SRR12152725.fastq.gz,Day_9,GC071392_CTTAATAG-CGTACTAG,Mus,GSM4655579,31724499
SRR12152912,ftp.sra.ebi.ac.uk/vol1/fastq/SRR121/012/SRR12152912/SRR12152912.fastq.gz,iPSCs,GC071398_AGGCTTAG-ATGCGCAG,Mus,GSM4655766,31711224
SRR12152917,ftp.sra.ebi.ac.uk/vol1/fastq/SRR121/017/SRR12152917/SRR12152917.fastq.gz,Day_12,GC071398_AGGCTTAG-CGTACTAG,Mus,GSM4655771,31555099
SRR12152817,ftp.sra.ebi.ac.uk/vol1/fastq/SRR121/017/SRR12152817/SRR12152817.fastq.gz,Day_10,GC071392_TCGCATAA-CCTAAGAC,Mus,GSM4655671,31506271
SRR12152571,ftp.sra.ebi.ac.uk/vol1/fastq/SRR121/071/SRR12152571/SRR12152571.fastq.gz,Day_0,GC071392_ATAGAGAG-AAGAGGCA,Mus,GSM4655425,31493363
SRR12152988,ftp.sra.ebi.ac.uk/vol1/fastq/SRR121/088/SRR12152988/SRR12152988.fastq.gz,Day_12,GC071398_ATTAGACG-TCCTGAGC,Mus,GSM4655842,31477072
SRR12152605,ftp.sra.ebi.ac.uk/vol1/fastq/SRR121/005/SRR12152605/SRR12152605.fastq.gz,Day_9,GC071392_ATAGCCTT-CGTACTAG,Mus,GSM4655459,31472904
SRR12153138,ftp.sra.ebi.ac.uk/vol1/fastq/SRR121/038/SRR12153138/SRR12153138.fastq.gz,Day_12,GC071398_TCTTACGC-CCTAAGAC,Cast,GSM4655992,31318824
SRR12152883,ftp.sra.ebi.ac.uk/vol1/fastq/SRR121/083/SRR12152883/SRR12152883.fastq.gz,iPSCs,GC071398_AGAGGATA-GCGTAGTA,Mus,GSM4655737,31308619
SRR12152906,ftp.sra.ebi.ac.uk/vol1/fastq/SRR121/006/SRR12152906/SRR12152906.fastq.gz,Day_12,GC071398_AGCTAGAA-TGCAGCTA,Cast,GSM4655760,31149544
SRR12153011,ftp.sra.ebi.ac.uk/vol1/fastq/SRR121/011/SRR12153011/SRR12153011.fastq.gz,Day_12,GC071398_CGGAGAGA-TAGGCATG,Mus,GSM4655865,31084229
SRR12152937,ftp.sra.ebi.ac.uk/vol1/fastq/SRR121/037/SRR12152937/SRR12152937.fastq.gz,iPSCs,GC071398_ATAGAGAG-CCTAAGAC,Mus,GSM4655791,31035823
SRR12152524,ftp.sra.ebi.ac.uk/vol1/fastq/SRR121/024/SRR12152524/SRR12152524.fastq.gz,Day_10,GC071392_AGCTAGAA-ACTCGCTA,Mus,GSM4655378,30994051
SRR12153089,ftp.sra.ebi.ac.uk/vol1/fastq/SRR121/089/SRR12153089/SRR12153089.fastq.gz,Day_12,GC071398_TACTCCTT-GGACTCCT,Mus,GSM4655943,30947070
SRR12153060,ftp.sra.ebi.ac.uk/vol1/fastq/SRR121/060/SRR12153060/SRR12153060.fastq.gz,Day_12,GC071398_CTTAATAG-TAGCGCTC,Cast,GSM4655914,30893303
SRR12153044,ftp.sra.ebi.ac.uk/vol1/fastq/SRR121/044/SRR12153044/SRR12153044.fastq.gz,Day_12,GC071398_CTCCTTAC-TAAGGCGA,Mus,GSM4655898,30822361
SRR12153047,ftp.sra.ebi.ac.uk/vol1/fastq/SRR121/047/SRR12153047/SRR12153047.fastq.gz,Day_12,GC071398_CTCCTTAC-TAGGCATG,Mus,GSM4655901,30660525
SRR12153076,ftp.sra.ebi.ac.uk/vol1/fastq/SRR121/076/SRR12153076/SRR12153076.fastq.gz,iPSCs,GC071398_TACTCCTT-ACTCGCTA,Mus,GSM4655930,30591423
SRR12152753,ftp.sra.ebi.ac.uk/vol1/fastq/SRR121/053/SRR12152753/SRR12152753.fastq.gz,Day_9,GC071392_TAAGGCTC-GGACTCCT,Mus,GSM4655607,30571445
SRR12153050,ftp.sra.ebi.ac.uk/vol1/fastq/SRR121/050/SRR12153050/SRR12153050.fastq.gz,iPSCs,GC071398_CTCCTTAC-TGCAGCTA,Mus,GSM4655904,30571062
SRR12152972,ftp.sra.ebi.ac.uk/vol1/fastq/SRR121/072/SRR12152972/SRR12152972.fastq.gz,iPSCs,GC071398_ATTAGACG-ATGCGCAG,Mus,GSM4655826,30518773
SRR12152867,ftp.sra.ebi.ac.uk/vol1/fastq/SRR121/067/SRR12152867/SRR12152867.fastq.gz,Day_12,GC071398_ACTCTAGG-TACGCTGC,Cast,GSM4655721,30509352
SRR12152745,ftp.sra.ebi.ac.uk/vol1/fastq/SRR121/045/SRR12152745/SRR12152745.fastq.gz,Day_10,GC071392_TAAGGCTC-CCTAAGAC,Mus,GSM4655599,30500995
SRR12152719,ftp.sra.ebi.ac.uk/vol1/fastq/SRR121/019/SRR12152719/SRR12152719.fastq.gz,Day_9,GC071392_CTTAATAG-ATCTCAGG,Mus,GSM4655573,30456195
SRR12153032,ftp.sra.ebi.ac.uk/vol1/fastq/SRR121/032/SRR12153032/SRR12153032.fastq.gz,iPSCs,GC071398_CTCCTTAC-ATGCGCAG,Mus,GSM4655886,30313049
SRR12152528,ftp.sra.ebi.ac.uk/vol1/fastq/SRR121/028/SRR12152528/SRR12152528.fastq.gz,Day_10,GC071392_AGCTAGAA-ATGCGCAG,Mus,GSM4655382,30190664
SRR12153075,ftp.sra.ebi.ac.uk/vol1/fastq/SRR121/075/SRR12153075/SRR12153075.fastq.gz,Day_12,GC071398_TACTCCTT-AAGAGGCA,Mus,GSM4655929,30135794
SRR12152780,ftp.sra.ebi.ac.uk/vol1/fastq/SRR121/080/SRR12152780/SRR12152780.fastq.gz,Day_0,GC071392_TACTCCTT-TAAGGCGA,Mus,GSM4655634,30071237
SRR12152814,ftp.sra.ebi.ac.uk/vol1/fastq/SRR121/014/SRR12152814/SRR12152814.fastq.gz,Day_9,GC071392_TCGCATAA-AGGCAGAA,Mus,GSM4655668,29975517
SRR12152925,ftp.sra.ebi.ac.uk/vol1/fastq/SRR121/025/SRR12152925/SRR12152925.fastq.gz,iPSCs,GC071398_AGGCTTAG-TACGCTGC,Mus,GSM4655779,29872810
SRR12152786,ftp.sra.ebi.ac.uk/vol1/fastq/SRR121/086/SRR12152786/SRR12152786.fastq.gz,Day_8,GC071392_TACTCCTT-TGCAGCTA,Mus,GSM4655640,29859831
SRR12152638,ftp.sra.ebi.ac.uk/vol1/fastq/SRR121/038/SRR12152638/SRR12152638.fastq.gz,Day_8,GC071392_ATTAGACG-TAGCGCTC,Mus,GSM4655492,29694094
SRR12152478,ftp.sra.ebi.ac.uk/vol1/fastq/SRR121/078/SRR12152478/SRR12152478.fastq.gz,Day_9,GC071392_ACTCTAGG-AGGCAGAA,Mus,GSM4655332,29633213
SRR12152927,ftp.sra.ebi.ac.uk/vol1/fastq/SRR121/027/SRR12152927/SRR12152927.fastq.gz,Day_12,GC071398_AGGCTTAG-TAGGCATG,Mus,GSM4655781,29612915
SRR12152889,ftp.sra.ebi.ac.uk/vol1/fastq/SRR121/089/SRR12152889/SRR12152889.fastq.gz,iPSCs,GC071398_AGAGGATA-TACGCTGC,Mus,GSM4655743,29585195
SRR12152766,ftp.sra.ebi.ac.uk/vol1/fastq/SRR121/066/SRR12152766/SRR12152766.fastq.gz,Day_0,GC071392_TACTCCTT-AGGCAGAA,Mus,GSM4655620,29579249
SRR12152644,ftp.sra.ebi.ac.uk/vol1/fastq/SRR121/044/SRR12152644/SRR12152644.fastq.gz,Day_8,GC071392_CGGAGAGA-ACTCGCTA,Mus,GSM4655498,29514045
SRR12152551,ftp.sra.ebi.ac.uk/vol1/fastq/SRR121/051/SRR12152551/SRR12152551.fastq.gz,Day_0,GC071392_AGGCTTAG-ATCTCAGG,Mus,GSM4655405,29471512
SRR12152503,ftp.sra.ebi.ac.uk/vol1/fastq/SRR121/003/SRR12152503/SRR12152503.fastq.gz,Day_0,GC071392_AGAGGATA-ATCTCAGG,Mus,GSM4655357,29445244
SRR12152946,ftp.sra.ebi.ac.uk/vol1/fastq/SRR121/046/SRR12152946/SRR12152946.fastq.gz,iPSCs,GC071398_ATAGAGAG-GGAGCTAC,Mus,GSM4655800,29436020
SRR12153117,ftp.sra.ebi.ac.uk/vol1/fastq/SRR121/017/SRR12153117/SRR12153117.fastq.gz,iPSCs,GC071398_TATGCAGT-TACGCTGC,Mus,GSM4655971,29425672
SRR12153108,ftp.sra.ebi.ac.uk/vol1/fastq/SRR121/008/SRR12153108/SRR12153108.fastq.gz,iPSCs,GC071398_TATGCAGT-CGGAGCCT,Mus,GSM4655962,29340460
SRR12152986,ftp.sra.ebi.ac.uk/vol1/fastq/SRR121/086/SRR12152986/SRR12152986.fastq.gz,iPSCs,GC071398_ATTAGACG-TAGCGCTC,Mus,GSM4655840,29336120
SRR12152596,ftp.sra.ebi.ac.uk/vol1/fastq/SRR121/096/SRR12152596/SRR12152596.fastq.gz,Day_10,GC071392_ATAGCCTT-ACTCGCTA,Mus,GSM4655450,29330490
SRR12152723,ftp.sra.ebi.ac.uk/vol1/fastq/SRR121/023/SRR12152723/SRR12152723.fastq.gz,Day_10,GC071392_CTTAATAG-CGATCAGT,Mus,GSM4655577,29136818
SRR12153061,ftp.sra.ebi.ac.uk/vol1/fastq/SRR121/061/SRR12153061/SRR12153061.fastq.gz,Day_12,GC071398_CTTAATAG-TCGACGTC,Cast,GSM4655915,29010142
SRR12152744,ftp.sra.ebi.ac.uk/vol1/fastq/SRR121/044/SRR12152744/SRR12152744.fastq.gz,Day_10,GC071392_TAAGGCTC-ATGCGCAG,Mus,GSM4655598,28930549
SRR12153100,ftp.sra.ebi.ac.uk/vol1/fastq/SRR121/000/SRR12153100/SRR12153100.fastq.gz,iPSCs,GC071398_TATGCAGT-ACTCGCTA,Mus,GSM4655954,28843367
SRR12153101,ftp.sra.ebi.ac.uk/vol1/fastq/SRR121/001/SRR12153101/SRR12153101.fastq.gz,iPSCs,GC071398_TATGCAGT-ACTGAGCG,Mus,GSM4655955,28830663
SRR12152526,ftp.sra.ebi.ac.uk/vol1/fastq/SRR121/026/SRR12152526/SRR12152526.fastq.gz,Day_9,GC071392_AGCTAGAA-AGGCAGAA,Mus,GSM4655380,28802340
SRR12153053,ftp.sra.ebi.ac.uk/vol1/fastq/SRR121/053/SRR12153053/SRR12153053.fastq.gz,Day_12,GC071398_CTTAATAG-ATGCGCAG,Cast,GSM4655907,28655932
SRR12152872,ftp.sra.ebi.ac.uk/vol1/fastq/SRR121/072/SRR12152872/SRR12152872.fastq.gz,iPSCs,GC071398_AGAGGATA-ACTCGCTA,Mus,GSM4655726,28580134
SRR12152612,ftp.sra.ebi.ac.uk/vol1/fastq/SRR121/012/SRR12152612/SRR12152612.fastq.gz,Day_9,GC071392_ATAGCCTT-TAAGGCGA,Mus,GSM4655466,28572475
SRR12152871,ftp.sra.ebi.ac.uk/vol1/fastq/SRR121/071/SRR12152871/SRR12152871.fastq.gz,Day_12,GC071398_AGAGGATA-AAGAGGCA,Mus,GSM4655725,28549567
SRR12152613,ftp.sra.ebi.ac.uk/vol1/fastq/SRR121/013/SRR12152613/SRR12152613.fastq.gz,Day_10,GC071392_ATAGCCTT-TACGCTGC,Mus,GSM4655467,28320772
SRR12152584,ftp.sra.ebi.ac.uk/vol1/fastq/SRR121/084/SRR12152584/SRR12152584.fastq.gz,Day_0,GC071392_ATAGAGAG-GCTCATGA,Mus,GSM4655438,28238311
SRR12152832,ftp.sra.ebi.ac.uk/vol1/fastq/SRR121/032/SRR12152832/SRR12152832.fastq.gz,Day_9,GC071392_TCGCATAA-TCCTGAGC,Mus,GSM4655686,28235902
SRR12152689,ftp.sra.ebi.ac.uk/vol1/fastq/SRR121/089/SRR12152689/SRR12152689.fastq.gz,Day_10,GC071392_CTAGTCGA-TCGACGTC,Mus,GSM4655543,28168716
SRR12152940,ftp.sra.ebi.ac.uk/vol1/fastq/SRR121/040/SRR12152940/SRR12152940.fastq.gz,iPSCs,GC071398_ATAGAGAG-CGGAGCCT,Mus,GSM4655794,28119282
SRR12153118,ftp.sra.ebi.ac.uk/vol1/fastq/SRR121/018/SRR12153118/SRR12153118.fastq.gz,iPSCs,GC071398_TATGCAGT-TAGCGCTC,Mus,GSM4655972,28037459
SRR12152909,ftp.sra.ebi.ac.uk/vol1/fastq/SRR121/009/SRR12152909/SRR12152909.fastq.gz,iPSCs,GC071398_AGGCTTAG-ACTGAGCG,Mus,GSM4655763,27957612
SRR12152922,ftp.sra.ebi.ac.uk/vol1/fastq/SRR121/022/SRR12152922/SRR12152922.fastq.gz,iPSCs,GC071398_AGGCTTAG-GGAGCTAC,Mus,GSM4655776,27862027
SRR12152607,ftp.sra.ebi.ac.uk/vol1/fastq/SRR121/007/SRR12152607/SRR12152607.fastq.gz,Day_10,GC071392_ATAGCCTT-GCGTAGTA,Mus,GSM4655461,27816813
SRR12152887,ftp.sra.ebi.ac.uk/vol1/fastq/SRR121/087/SRR12152887/SRR12152887.fastq.gz,Day_12,GC071398_AGAGGATA-GTAGAGGA,Mus,GSM4655741,27749866
SRR12153008,ftp.sra.ebi.ac.uk/vol1/fastq/SRR121/008/SRR12153008/SRR12153008.fastq.gz,Day_12,GC071398_CGGAGAGA-TAAGGCGA,Mus,GSM4655862,27670361
SRR12152971,ftp.sra.ebi.ac.uk/vol1/fastq/SRR121/071/SRR12152971/SRR12152971.fastq.gz,Day_12,GC071398_ATTAGACG-ATCTCAGG,Mus,GSM4655825,27613199
SRR12152975,ftp.sra.ebi.ac.uk/vol1/fastq/SRR121/075/SRR12152975/SRR12152975.fastq.gz,iPSCs,GC071398_ATTAGACG-CGATCAGT,Mus,GSM4655829,27357479
SRR12153007,ftp.sra.ebi.ac.uk/vol1/fastq/SRR121/007/SRR12153007/SRR12153007.fastq.gz,Day_12,GC071398_CGGAGAGA-GTAGAGGA,Mus,GSM4655861,27327557
SRR12152619,ftp.sra.ebi.ac.uk/vol1/fastq/SRR121/019/SRR12152619/SRR12152619.fastq.gz,Day_0,GC071392_ATTAGACG-AAGAGGCA,Mus,GSM4655473,27323600
SRR12152533,ftp.sra.ebi.ac.uk/vol1/fastq/SRR121/033/SRR12152533/SRR12152533.fastq.gz,Day_9,GC071392_AGCTAGAA-CGTACTAG,Mus,GSM4655387,27247929
SRR12152812,ftp.sra.ebi.ac.uk/vol1/fastq/SRR121/012/SRR12152812/SRR12152812.fastq.gz,Day_10,GC071392_TCGCATAA-ACTCGCTA,Mus,GSM4655666,27212336
SRR12153041,ftp.sra.ebi.ac.uk/vol1/fastq/SRR121/041/SRR12153041/SRR12153041.fastq.gz,Day_12,GC071398_CTCCTTAC-GGACTCCT,Mus,GSM4655895,27092520
SRR12152826,ftp.sra.ebi.ac.uk/vol1/fastq/SRR121/026/SRR12152826/SRR12152826.fastq.gz,Day_10,GC071392_TCGCATAA-GGAGCTAC,Mus,GSM4655680,27045280
SRR12153038,ftp.sra.ebi.ac.uk/vol1/fastq/SRR121/038/SRR12153038/SRR12153038.fastq.gz,Day_12,GC071398_CTCCTTAC-CTCTCTAC,Mus,GSM4655892,26965995
SRR12153018,ftp.sra.ebi.ac.uk/vol1/fastq/SRR121/018/SRR12153018/SRR12153018.fastq.gz,Day_12,GC071398_CTAGTCGA-CCTAAGAC,Cast,GSM4655872,26964525
SRR12152578,ftp.sra.ebi.ac.uk/vol1/fastq/SRR121/078/SRR12152578/SRR12152578.fastq.gz,Day_0,GC071392_ATAGAGAG-CGAGGCTG,Mus,GSM4655432,26882039
SRR12152807,ftp.sra.ebi.ac.uk/vol1/fastq/SRR121/007/SRR12152807/SRR12152807.fastq.gz,Day_0,GC071392_TATGCAGT-TAGGCATG,Mus,GSM4655661,26831631
SRR12152735,ftp.sra.ebi.ac.uk/vol1/fastq/SRR121/035/SRR12152735/SRR12152735.fastq.gz,Day_9,GC071392_CTTAATAG-TAGGCATG,Mus,GSM4655589,26805389
SRR12152521,ftp.sra.ebi.ac.uk/vol1/fastq/SRR121/021/SRR12152521/SRR12152521.fastq.gz,Day_8,GC071392_AGAGGATA-TCGACGTC,Mus,GSM4655375,26767938
SRR12152665,ftp.sra.ebi.ac.uk/vol1/fastq/SRR121/065/SRR12152665/SRR12152665.fastq.gz,Day_8,GC071392_CGGAGAGA-TCGACGTC,Mus,GSM4655519,26691163
SRR12153033,ftp.sra.ebi.ac.uk/vol1/fastq/SRR121/033/SRR12153033/SRR12153033.fastq.gz,iPSCs,GC071398_CTCCTTAC-CCTAAGAC,Mus,GSM4655887,26660681
SRR12152985,ftp.sra.ebi.ac.uk/vol1/fastq/SRR121/085/SRR12152985/SRR12152985.fastq.gz,iPSCs,GC071398_ATTAGACG-TACGCTGC,Mus,GSM4655839,26657663
SRR12153059,ftp.sra.ebi.ac.uk/vol1/fastq/SRR121/059/SRR12153059/SRR12153059.fastq.gz,Day_12,GC071398_CTTAATAG-TACGCTGC,Cast,GSM4655913,26648001
SRR12153006,ftp.sra.ebi.ac.uk/vol1/fastq/SRR121/006/SRR12153006/SRR12153006.fastq.gz,iPSCs,GC071398_CGGAGAGA-GGAGCTAC,Mus,GSM4655860,26563504
SRR12152797,ftp.sra.ebi.ac.uk/vol1/fastq/SRR121/097/SRR12152797/SRR12152797.fastq.gz,Day_0,GC071392_TATGCAGT-CGTACTAG,Mus,GSM4655651,26476247
SRR12152875,ftp.sra.ebi.ac.uk/vol1/fastq/SRR121/075/SRR12152875/SRR12152875.fastq.gz,Day_12,GC071398_AGAGGATA-ATCTCAGG,Mus,GSM4655729,26467349
SRR12152647,ftp.sra.ebi.ac.uk/vol1/fastq/SRR121/047/SRR12152647/SRR12152647.fastq.gz,Day_0,GC071392_CGGAGAGA-ATCTCAGG,Mus,GSM4655501,26459818
SRR12153052,ftp.sra.ebi.ac.uk/vol1/fastq/SRR121/052/SRR12153052/SRR12153052.fastq.gz,Day_12,GC071398_CTTAATAG-ACTGAGCG,Cast,GSM4655906,26458156
SRR12153087,ftp.sra.ebi.ac.uk/vol1/fastq/SRR121/087/SRR12153087/SRR12153087.fastq.gz,iPSCs,GC071398_TACTCCTT-GCGTAGTA,Mus,GSM4655941,26373956
SRR12152492,ftp.sra.ebi.ac.uk/vol1/fastq/SRR121/092/SRR12152492/SRR12152492.fastq.gz,Day_9,GC071392_ACTCTAGG-TAAGGCGA,Mus,GSM4655346,26367623
SRR12152577,ftp.sra.ebi.ac.uk/vol1/fastq/SRR121/077/SRR12152577/SRR12152577.fastq.gz,Day_8,GC071392_ATAGAGAG-CCTAAGAC,Mus,GSM4655431,26365538
SRR12153064,ftp.sra.ebi.ac.uk/vol1/fastq/SRR121/064/SRR12153064/SRR12153064.fastq.gz,Day_12,GC071398_TAAGGCTC-ACTGAGCG,Cast,GSM4655918,26342777
SRR12152510,ftp.sra.ebi.ac.uk/vol1/fastq/SRR121/010/SRR12152510/SRR12152510.fastq.gz,Day_0,GC071392_AGAGGATA-CTCTCTAC,Mus,GSM4655364,26304938
SRR12152884,ftp.sra.ebi.ac.uk/vol1/fastq/SRR121/084/SRR12152884/SRR12152884.fastq.gz,Day_12,GC071398_AGAGGATA-GCTCATGA,Mus,GSM4655738,26272008
SRR12152546,ftp.sra.ebi.ac.uk/vol1/fastq/SRR121/046/SRR12152546/SRR12152546.fastq.gz,Day_10,GC071392_AGCTAGAA-TGCAGCTA,Mus,GSM4655400,26202614
SRR12152798,ftp.sra.ebi.ac.uk/vol1/fastq/SRR121/098/SRR12152798/SRR12152798.fastq.gz,Day_0,GC071392_TATGCAGT-CTCTCTAC,Mus,GSM4655652,26199247
SRR12153119,ftp.sra.ebi.ac.uk/vol1/fastq/SRR121/019/SRR12153119/SRR12153119.fastq.gz,Day_12,GC071398_TATGCAGT-TAGGCATG,Mus,GSM4655973,26157811
SRR12152538,ftp.sra.ebi.ac.uk/vol1/fastq/SRR121/038/SRR12152538/SRR12152538.fastq.gz,Day_10,GC071392_AGCTAGAA-GGAGCTAC,Mus,GSM4655392,25857052
SRR12152999,ftp.sra.ebi.ac.uk/vol1/fastq/SRR121/099/SRR12152999/SRR12152999.fastq.gz,iPSCs,GC071398_CGGAGAGA-CGATCAGT,Mus,GSM4655853,25822509
SRR12152586,ftp.sra.ebi.ac.uk/vol1/fastq/SRR121/086/SRR12152586/SRR12152586.fastq.gz,Day_8,GC071392_ATAGAGAG-GGAGCTAC,Mus,GSM4655440,25787232
SRR12152804,ftp.sra.ebi.ac.uk/vol1/fastq/SRR121/004/SRR12152804/SRR12152804.fastq.gz,Day_0,GC071392_TATGCAGT-TAAGGCGA,Mus,GSM4655658,25516322
SRR12153042,ftp.sra.ebi.ac.uk/vol1/fastq/SRR121/042/SRR12153042/SRR12153042.fastq.gz,iPSCs,GC071398_CTCCTTAC-GGAGCTAC,Mus,GSM4655896,25507424
SRR12153112,ftp.sra.ebi.ac.uk/vol1/fastq/SRR121/012/SRR12153112/SRR12153112.fastq.gz,Day_12,GC071398_TATGCAGT-GCTCATGA,Mus,GSM4655966,25433833
SRR12152718,ftp.sra.ebi.ac.uk/vol1/fastq/SRR121/018/SRR12152718/SRR12152718.fastq.gz,Day_9,GC071392_CTTAATAG-AGGCAGAA,Mus,GSM4655572,25418943
SRR12152726,ftp.sra.ebi.ac.uk/vol1/fastq/SRR121/026/SRR12152726/SRR12152726.fastq.gz,Day_9,GC071392_CTTAATAG-CTCTCTAC,Mus,GSM4655580,25352258
SRR12152531,ftp.sra.ebi.ac.uk/vol1/fastq/SRR121/031/SRR12152531/SRR12152531.fastq.gz,Day_10,GC071392_AGCTAGAA-CGATCAGT,Mus,GSM4655385,25321674
SRR12152821,ftp.sra.ebi.ac.uk/vol1/fastq/SRR121/021/SRR12152821/SRR12152821.fastq.gz,Day_9,GC071392_TCGCATAA-CGTACTAG,Mus,GSM4655675,25307675
SRR12152660,ftp.sra.ebi.ac.uk/vol1/fastq/SRR121/060/SRR12152660/SRR12152660.fastq.gz,Day_0,GC071392_CGGAGAGA-TAAGGCGA,Mus,GSM4655514,25297130
SRR12152868,ftp.sra.ebi.ac.uk/vol1/fastq/SRR121/068/SRR12152868/SRR12152868.fastq.gz,Day_12,GC071398_ACTCTAGG-TAGCGCTC,Cast,GSM4655722,25236625
SRR12152634,ftp.sra.ebi.ac.uk/vol1/fastq/SRR121/034/SRR12152634/SRR12152634.fastq.gz,Day_8,GC071392_ATTAGACG-GGAGCTAC,Mus,GSM4655488,25176513
SRR12152534,ftp.sra.ebi.ac.uk/vol1/fastq/SRR121/034/SRR12152534/SRR12152534.fastq.gz,Day_9,GC071392_AGCTAGAA-CTCTCTAC,Mus,GSM4655388,25148231
SRR12152970,ftp.sra.ebi.ac.uk/vol1/fastq/SRR121/070/SRR12152970/SRR12152970.fastq.gz,Day_12,GC071398_ATTAGACG-AGGCAGAA,Mus,GSM4655824,25099379
SRR12152513,ftp.sra.ebi.ac.uk/vol1/fastq/SRR121/013/SRR12152513/SRR12152513.fastq.gz,Day_0,GC071392_AGAGGATA-GGACTCCT,Mus,GSM4655367,25072491
SRR12152690,ftp.sra.ebi.ac.uk/vol1/fastq/SRR121/090/SRR12152690/SRR12152690.fastq.gz,Day_10,GC071392_CTAGTCGA-TGCAGCTA,Mus,GSM4655544,25071428
SRR12152560,ftp.sra.ebi.ac.uk/vol1/fastq/SRR121/060/SRR12152560/SRR12152560.fastq.gz,Day_0,GC071392_AGGCTTAG-GCTCATGA,Mus,GSM4655414,25048200
SRR12152729,ftp.sra.ebi.ac.uk/vol1/fastq/SRR121/029/SRR12152729/SRR12152729.fastq.gz,Day_9,GC071392_CTTAATAG-GGACTCCT,Mus,GSM4655583,24991277
SRR12153111,ftp.sra.ebi.ac.uk/vol1/fastq/SRR121/011/SRR12153111/SRR12153111.fastq.gz,iPSCs,GC071398_TATGCAGT-GCGTAGTA,Mus,GSM4655965,24889030
SRR12152495,ftp.sra.ebi.ac.uk/vol1/fastq/SRR121/095/SRR12152495/SRR12152495.fastq.gz,Day_9,GC071392_ACTCTAGG-TAGGCATG,Mus,GSM4655349,24882099
SRR12152721,ftp.sra.ebi.ac.uk/vol1/fastq/SRR121/021/SRR12152721/SRR12152721.fastq.gz,Day_10,GC071392_CTTAATAG-CCTAAGAC,Mus,GSM4655575,24866436
SRR12152978,ftp.sra.ebi.ac.uk/vol1/fastq/SRR121/078/SRR12152978/SRR12152978.fastq.gz,Day_12,GC071398_ATTAGACG-CTCTCTAC,Mus,GSM4655832,24859369
SRR12152518,ftp.sra.ebi.ac.uk/vol1/fastq/SRR121/018/SRR12152518/SRR12152518.fastq.gz,Day_8,GC071392_AGAGGATA-TAGCGCTC,Mus,GSM4655372,24732907
SRR12153088,ftp.sra.ebi.ac.uk/vol1/fastq/SRR121/088/SRR12153088/SRR12153088.fastq.gz,Day_12,GC071398_TACTCCTT-GCTCATGA,Mus,GSM4655942,24653005
SRR12152772,ftp.sra.ebi.ac.uk/vol1/fastq/SRR121/072/SRR12152772/SRR12152772.fastq.gz,Day_8,GC071392_TACTCCTT-CGGAGCCT,Mus,GSM4655626,24631806
SRR12152646,ftp.sra.ebi.ac.uk/vol1/fastq/SRR121/046/SRR12152646/SRR12152646.fastq.gz,Day_0,GC071392_CGGAGAGA-AGGCAGAA,Mus,GSM4655500,24623607
SRR12153000,ftp.sra.ebi.ac.uk/vol1/fastq/SRR121/000/SRR12153000/SRR12153000.fastq.gz,iPSCs,GC071398_CGGAGAGA-CGGAGCCT,Mus,GSM4655854,24587043
SRR12152548,ftp.sra.ebi.ac.uk/vol1/fastq/SRR121/048/SRR12152548/SRR12152548.fastq.gz,Day_8,GC071392_AGGCTTAG-ACTCGCTA,Mus,GSM4655402,24488041
SRR12153107,ftp.sra.ebi.ac.uk/vol1/fastq/SRR121/007/SRR12153107/SRR12153107.fastq.gz,iPSCs,GC071398_TATGCAGT-CGATCAGT,Mus,GSM4655961,24420005
SRR12152705,ftp.sra.ebi.ac.uk/vol1/fastq/SRR121/005/SRR12152705/SRR12152705.fastq.gz,Day_0,GC071392_CTCCTTAC-GGACTCCT,Mus,GSM4655559,24388361
SRR12152659,ftp.sra.ebi.ac.uk/vol1/fastq/SRR121/059/SRR12152659/SRR12152659.fastq.gz,Day_0,GC071392_CGGAGAGA-GTAGAGGA,Mus,GSM4655513,24353557
SRR12153127,ftp.sra.ebi.ac.uk/vol1/fastq/SRR121/027/SRR12153127/SRR12153127.fastq.gz,Day_12,GC071398_TCGCATAA-CGATCAGT,Cast,GSM4655981,24340263
SRR12152591,ftp.sra.ebi.ac.uk/vol1/fastq/SRR121/091/SRR12152591/SRR12152591.fastq.gz,Day_0,GC071392_ATAGAGAG-TAGGCATG,Mus,GSM4655445,24252889
SRR12152606,ftp.sra.ebi.ac.uk/vol1/fastq/SRR121/006/SRR12152606/SRR12152606.fastq.gz,Day_9,GC071392_ATAGCCTT-CTCTCTAC,Mus,GSM4655460,24189652
SRR12152790,ftp.sra.ebi.ac.uk/vol1/fastq/SRR121/090/SRR12152790/SRR12152790.fastq.gz,Day_0,GC071392_TATGCAGT-AGGCAGAA,Mus,GSM4655644,24188601
SRR12152599,ftp.sra.ebi.ac.uk/vol1/fastq/SRR121/099/SRR12152599/SRR12152599.fastq.gz,Day_9,GC071392_ATAGCCTT-ATCTCAGG,Mus,GSM4655453,24152910
SRR12152911,ftp.sra.ebi.ac.uk/vol1/fastq/SRR121/011/SRR12152911/SRR12152911.fastq.gz,Day_12,GC071398_AGGCTTAG-ATCTCAGG,Mus,GSM4655765,24103636
SRR12152769,ftp.sra.ebi.ac.uk/vol1/fastq/SRR121/069/SRR12152769/SRR12152769.fastq.gz,Day_8,GC071392_TACTCCTT-CCTAAGAC,Mus,GSM4655623,24092096
SRR12152794,ftp.sra.ebi.ac.uk/vol1/fastq/SRR121/094/SRR12152794/SRR12152794.fastq.gz,Day_0,GC071392_TATGCAGT-CGAGGCTG,Mus,GSM4655648,24036208
SRR12152791,ftp.sra.ebi.ac.uk/vol1/fastq/SRR121/091/SRR12152791/SRR12152791.fastq.gz,Day_0,GC071392_TATGCAGT-ATCTCAGG,Mus,GSM4655645,24014074
SRR12152773,ftp.sra.ebi.ac.uk/vol1/fastq/SRR121/073/SRR12152773/SRR12152773.fastq.gz,Day_0,GC071392_TACTCCTT-CGTACTAG,Mus,GSM4655627,24007284
SRR12152520,ftp.sra.ebi.ac.uk/vol1/fastq/SRR121/020/SRR12152520/SRR12152520.fastq.gz,Day_0,GC071392_AGAGGATA-TCCTGAGC,Mus,GSM4655374,23917532
SRR12152928,ftp.sra.ebi.ac.uk/vol1/fastq/SRR121/028/SRR12152928/SRR12152928.fastq.gz,Day_12,GC071398_AGGCTTAG-TCCTGAGC,Mus,GSM4655782,23894569
SRR12152547,ftp.sra.ebi.ac.uk/vol1/fastq/SRR121/047/SRR12152547/SRR12152547.fastq.gz,Day_0,GC071392_AGGCTTAG-AAGAGGCA,Mus,GSM4655401,23875255
SRR12152592,ftp.sra.ebi.ac.uk/vol1/fastq/SRR121/092/SRR12152592/SRR12152592.fastq.gz,Day_0,GC071392_ATAGAGAG-TCCTGAGC,Mus,GSM4655446,23836199
SRR12152530,ftp.sra.ebi.ac.uk/vol1/fastq/SRR121/030/SRR12152530/SRR12152530.fastq.gz,Day_9,GC071392_AGCTAGAA-CGAGGCTG,Mus,GSM4655384,23692348
SRR12153092,ftp.sra.ebi.ac.uk/vol1/fastq/SRR121/092/SRR12153092/SRR12153092.fastq.gz,Day_12,GC071398_TACTCCTT-TAAGGCGA,Mus,GSM4655946,23670872
SRR12153039,ftp.sra.ebi.ac.uk/vol1/fastq/SRR121/039/SRR12153039/SRR12153039.fastq.gz,iPSCs,GC071398_CTCCTTAC-GCGTAGTA,Mus,GSM4655893,23615195
SRR12153095,ftp.sra.ebi.ac.uk/vol1/fastq/SRR121/095/SRR12153095/SRR12153095.fastq.gz,Day_12,GC071398_TACTCCTT-TAGGCATG,Mus,GSM4655949,23595840
SRR12153105,ftp.sra.ebi.ac.uk/vol1/fastq/SRR121/005/SRR12153105/SRR12153105.fastq.gz,iPSCs,GC071398_TATGCAGT-CCTAAGAC,Mus,GSM4655959,23532703
SRR12152519,ftp.sra.ebi.ac.uk/vol1/fastq/SRR121/019/SRR12152519/SRR12152519.fastq.gz,Day_0,GC071392_AGAGGATA-TAGGCATG,Mus,GSM4655373,23528272
SRR12152979,ftp.sra.ebi.ac.uk/vol1/fastq/SRR121/079/SRR12152979/SRR12152979.fastq.gz,iPSCs,GC071398_ATTAGACG-GCGTAGTA,Mus,GSM4655833,23509984
SRR12152874,ftp.sra.ebi.ac.uk/vol1/fastq/SRR121/074/SRR12152874/SRR12152874.fastq.gz,Day_12,GC071398_AGAGGATA-AGGCAGAA,Mus,GSM4655728,23499512
SRR12152617,ftp.sra.ebi.ac.uk/vol1/fastq/SRR121/017/SRR12152617/SRR12152617.fastq.gz,Day_10,GC071392_ATAGCCTT-TCGACGTC,Mus,GSM4655471,23492019
SRR12152527,ftp.sra.ebi.ac.uk/vol1/fastq/SRR121/027/SRR12152527/SRR12152527.fastq.gz,Day_9,GC071392_AGCTAGAA-ATCTCAGG,Mus,GSM4655381,23457823
SRR12152955,ftp.sra.ebi.ac.uk/vol1/fastq/SRR121/055/SRR12152955/SRR12152955.fastq.gz,Day_12,GC071398_ATAGCCTT-ACTCGCTA,Cast,GSM4655809,23446029
SRR12152699,ftp.sra.ebi.ac.uk/vol1/fastq/SRR121/099/SRR12152699/SRR12152699.fastq.gz,Day_8,GC071392_CTCCTTAC-CGATCAGT,Mus,GSM4655553,23354069
SRR12152663,ftp.sra.ebi.ac.uk/vol1/fastq/SRR121/063/SRR12152663/SRR12152663.fastq.gz,Day_0,GC071392_CGGAGAGA-TAGGCATG,Mus,GSM4655517,23351133
SRR12153012,ftp.sra.ebi.ac.uk/vol1/fastq/SRR121/012/SRR12153012/SRR12153012.fastq.gz,Day_12,GC071398_CGGAGAGA-TCCTGAGC,Mus,GSM4655866,23350311
SRR12152641,ftp.sra.ebi.ac.uk/vol1/fastq/SRR121/041/SRR12152641/SRR12152641.fastq.gz,Day_8,GC071392_ATTAGACG-TCGACGTC,Mus,GSM4655495,23346831
SRR12152760,ftp.sra.ebi.ac.uk/vol1/fastq/SRR121/060/SRR12152760/SRR12152760.fastq.gz,Day_9,GC071392_TAAGGCTC-TCCTGAGC,Mus,GSM4655614,23324994
SRR12152895,ftp.sra.ebi.ac.uk/vol1/fastq/SRR121/095/SRR12152895/SRR12152895.fastq.gz,Day_12,GC071398_AGCTAGAA-ACTCGCTA,Cast,GSM4655749,23266243
SRR12152649,ftp.sra.ebi.ac.uk/vol1/fastq/SRR121/049/SRR12152649/SRR12152649.fastq.gz,Day_8,GC071392_CGGAGAGA-CCTAAGAC,Mus,GSM4655503,23211961
SRR12152888,ftp.sra.ebi.ac.uk/vol1/fastq/SRR121/088/SRR12152888/SRR12152888.fastq.gz,Day_12,GC071398_AGAGGATA-TAAGGCGA,Mus,GSM4655742,23205831
SRR12152734,ftp.sra.ebi.ac.uk/vol1/fastq/SRR121/034/SRR12152734/SRR12152734.fastq.gz,Day_10,GC071392_CTTAATAG-TAGCGCTC,Mus,GSM4655588,23177579
SRR12153081,ftp.sra.ebi.ac.uk/vol1/fastq/SRR121/081/SRR12153081/SRR12153081.fastq.gz,iPSCs,GC071398_TACTCCTT-CCTAAGAC,Mus,GSM4655935,23160094
SRR12152903,ftp.sra.ebi.ac.uk/vol1/fastq/SRR121/003/SRR12152903/SRR12152903.fastq.gz,Day_12,GC071398_AGCTAGAA-TACGCTGC,Cast,GSM4655757,23071765
SRR12153017,ftp.sra.ebi.ac.uk/vol1/fastq/SRR121/017/SRR12153017/SRR12153017.fastq.gz,Day_12,GC071398_CTAGTCGA-ATGCGCAG,Cast,GSM4655871,23046797
SRR12152489,ftp.sra.ebi.ac.uk/vol1/fastq/SRR121/089/SRR12152489/SRR12152489.fastq.gz,Day_9,GC071392_ACTCTAGG-GGACTCCT,Mus,GSM4655343,22987301
SRR12152815,ftp.sra.ebi.ac.uk/vol1/fastq/SRR121/015/SRR12152815/SRR12152815.fastq.gz,Day_9,GC071392_TCGCATAA-ATCTCAGG,Mus,GSM4655669,22985290
SRR12152894,ftp.sra.ebi.ac.uk/vol1/fastq/SRR121/094/SRR12152894/SRR12152894.fastq.gz,iPSCs,GC071398_AGAGGATA-TGCAGCTA,Mus,GSM4655748,22950392
SRR12152707,ftp.sra.ebi.ac.uk/vol1/fastq/SRR121/007/SRR12152707/SRR12152707.fastq.gz,Day_0,GC071392_CTCCTTAC-GTAGAGGA,Mus,GSM4655561,22929378
SRR12152615,ftp.sra.ebi.ac.uk/vol1/fastq/SRR121/015/SRR12152615/SRR12152615.fastq.gz,Day_9,GC071392_ATAGCCTT-TAGGCATG,Mus,GSM4655469,22874069
SRR12152512,ftp.sra.ebi.ac.uk/vol1/fastq/SRR121/012/SRR12152512/SRR12152512.fastq.gz,Day_0,GC071392_AGAGGATA-GCTCATGA,Mus,GSM4655366,22771017
SRR12153029,ftp.sra.ebi.ac.uk/vol1/fastq/SRR121/029/SRR12153029/SRR12153029.fastq.gz,iPSCs,GC071398_CTCCTTAC-ACTGAGCG,Mus,GSM4655883,22732845
SRR12152774,ftp.sra.ebi.ac.uk/vol1/fastq/SRR121/074/SRR12152774/SRR12152774.fastq.gz,Day_0,GC071392_TACTCCTT-CTCTCTAC,Mus,GSM4655628,22693586
SRR12153020,ftp.sra.ebi.ac.uk/vol1/fastq/SRR121/020/SRR12153020/SRR12153020.fastq.gz,Day_12,GC071398_CTAGTCGA-CGGAGCCT,Cast,GSM4655874,22693342
SRR12152604,ftp.sra.ebi.ac.uk/vol1/fastq/SRR121/004/SRR12152604/SRR12152604.fastq.gz,Day_10,GC071392_ATAGCCTT-CGGAGCCT,Mus,GSM4655458,22688997
SRR12152711,ftp.sra.ebi.ac.uk/vol1/fastq/SRR121/011/SRR12152711/SRR12152711.fastq.gz,Day_0,GC071392_CTCCTTAC-TAGGCATG,Mus,GSM4655565,22684055
SRR12152736,ftp.sra.ebi.ac.uk/vol1/fastq/SRR121/036/SRR12152736/SRR12152736.fastq.gz,Day_9,GC071392_CTTAATAG-TCCTGAGC,Mus,GSM4655590,22661057
SRR12152752,ftp.sra.ebi.ac.uk/vol1/fastq/SRR121/052/SRR12152752/SRR12152752.fastq.gz,Day_9,GC071392_TAAGGCTC-GCTCATGA,Mus,GSM4655606,22653773
SRR12152983,ftp.sra.ebi.ac.uk/vol1/fastq/SRR121/083/SRR12152983/SRR12152983.fastq.gz,Day_12,GC071398_ATTAGACG-GTAGAGGA,Mus,GSM4655837,22398332
SRR12153015,ftp.sra.ebi.ac.uk/vol1/fastq/SRR121/015/SRR12153015/SRR12153015.fastq.gz,Day_12,GC071398_CTAGTCGA-ACTCGCTA,Cast,GSM4655869,22359527
SRR12152910,ftp.sra.ebi.ac.uk/vol1/fastq/SRR121/010/SRR12152910/SRR12152910.fastq.gz,Day_12,GC071398_AGGCTTAG-AGGCAGAA,Mus,GSM4655764,22287617
SRR12152655,ftp.sra.ebi.ac.uk/vol1/fastq/SRR121/055/SRR12152655/SRR12152655.fastq.gz,Day_8,GC071392_CGGAGAGA-GCGTAGTA,Mus,GSM4655509,22245192
SRR12153094,ftp.sra.ebi.ac.uk/vol1/fastq/SRR121/094/SRR12153094/SRR12153094.fastq.gz,iPSCs,GC071398_TACTCCTT-TAGCGCTC,Mus,GSM4655948,22180927
SRR12152749,ftp.sra.ebi.ac.uk/vol1/fastq/SRR121/049/SRR12152749/SRR12152749.fastq.gz,Day_9,GC071392_TAAGGCTC-CGTACTAG,Mus,GSM4655603,22168735
SRR12152635,ftp.sra.ebi.ac.uk/vol1/fastq/SRR121/035/SRR12152635/SRR12152635.fastq.gz,Day_0,GC071392_ATTAGACG-GTAGAGGA,Mus,GSM4655489,22151963
SRR12152570,ftp.sra.ebi.ac.uk/vol1/fastq/SRR121/070/SRR12152570/SRR12152570.fastq.gz,Day_8,GC071392_AGGCTTAG-TGCAGCTA,Mus,GSM4655424,22083706
SRR12152572,ftp.sra.ebi.ac.uk/vol1/fastq/SRR121/072/SRR12152572/SRR12152572.fastq.gz,Day_8,GC071392_ATAGAGAG-ACTCGCTA,Mus,GSM4655426,22035046
SRR12152507,ftp.sra.ebi.ac.uk/vol1/fastq/SRR121/007/SRR12152507/SRR12152507.fastq.gz,Day_8,GC071392_AGAGGATA-CGATCAGT,Mus,GSM4655361,22021566
SRR12152624,ftp.sra.ebi.ac.uk/vol1/fastq/SRR121/024/SRR12152624/SRR12152624.fastq.gz,Day_8,GC071392_ATTAGACG-ATGCGCAG,Mus,GSM4655478,21971446
SRR12152850,ftp.sra.ebi.ac.uk/vol1/fastq/SRR121/050/SRR12152850/SRR12152850.fastq.gz,Day_10,GC071392_TCTTACGC-GGAGCTAC,Mus,GSM4655704,21939992
SRR12152751,ftp.sra.ebi.ac.uk/vol1/fastq/SRR121/051/SRR12152751/SRR12152751.fastq.gz,Day_10,GC071392_TAAGGCTC-GCGTAGTA,Mus,GSM4655605,21825914
SRR12152777,ftp.sra.ebi.ac.uk/vol1/fastq/SRR121/077/SRR12152777/SRR12152777.fastq.gz,Day_0,GC071392_TACTCCTT-GGACTCCT,Mus,GSM4655631,21767677
SRR12152687,ftp.sra.ebi.ac.uk/vol1/fastq/SRR121/087/SRR12152687/SRR12152687.fastq.gz,Day_9,GC071392_CTAGTCGA-TAGGCATG,Mus,GSM4655541,21701729
SRR12153070,ftp.sra.ebi.ac.uk/vol1/fastq/SRR121/070/SRR12153070/SRR12153070.fastq.gz,Day_12,GC071398_TAAGGCTC-GGAGCTAC,Cast,GSM4655924,21701484
SRR12152505,ftp.sra.ebi.ac.uk/vol1/fastq/SRR121/005/SRR12152505/SRR12152505.fastq.gz,Day_8,GC071392_AGAGGATA-CCTAAGAC,Mus,GSM4655359,21668472
SRR12152810,ftp.sra.ebi.ac.uk/vol1/fastq/SRR121/010/SRR12152810/SRR12152810.fastq.gz,Day_8,GC071392_TATGCAGT-TGCAGCTA,Mus,GSM4655664,21560431
SRR12153021,ftp.sra.ebi.ac.uk/vol1/fastq/SRR121/021/SRR12153021/SRR12153021.fastq.gz,Day_12,GC071398_CTAGTCGA-GCGTAGTA,Cast,GSM4655875,21422213
SRR12152919,ftp.sra.ebi.ac.uk/vol1/fastq/SRR121/019/SRR12152919/SRR12152919.fastq.gz,iPSCs,GC071398_AGGCTTAG-GCGTAGTA,Mus,GSM4655773,21389040
SRR12153122,ftp.sra.ebi.ac.uk/vol1/fastq/SRR121/022/SRR12153122/SRR12153122.fastq.gz,iPSCs,GC071398_TATGCAGT-TGCAGCTA,Mus,GSM4655976,21366796
SRR12153084,ftp.sra.ebi.ac.uk/vol1/fastq/SRR121/084/SRR12153084/SRR12153084.fastq.gz,iPSCs,GC071398_TACTCCTT-CGGAGCCT,Mus,GSM4655938,21354065
SRR12152809,ftp.sra.ebi.ac.uk/vol1/fastq/SRR121/009/SRR12152809/SRR12152809.fastq.gz,Day_8,GC071392_TATGCAGT-TCGACGTC,Mus,GSM4655663,21326193
SRR12152623,ftp.sra.ebi.ac.uk/vol1/fastq/SRR121/023/SRR12152623/SRR12152623.fastq.gz,Day_0,GC071392_ATTAGACG-ATCTCAGG,Mus,GSM4655477,21316643
SRR12153045,ftp.sra.ebi.ac.uk/vol1/fastq/SRR121/045/SRR12153045/SRR12153045.fastq.gz,iPSCs,GC071398_CTCCTTAC-TACGCTGC,Mus,GSM4655899,21255434
SRR12152756,ftp.sra.ebi.ac.uk/vol1/fastq/SRR121/056/SRR12152756/SRR12152756.fastq.gz,Day_9,GC071392_TAAGGCTC-TAAGGCGA,Mus,GSM4655610,21241987
SRR12152990,ftp.sra.ebi.ac.uk/vol1/fastq/SRR121/090/SRR12152990/SRR12152990.fastq.gz,iPSCs,GC071398_ATTAGACG-TGCAGCTA,Mus,GSM4655844,21040676
SRR12153085,ftp.sra.ebi.ac.uk/vol1/fastq/SRR121/085/SRR12153085/SRR12153085.fastq.gz,Day_12,GC071398_TACTCCTT-CGTACTAG,Mus,GSM4655939,21034859
SRR12152694,ftp.sra.ebi.ac.uk/vol1/fastq/SRR121/094/SRR12152694/SRR12152694.fastq.gz,Day_0,GC071392_CTCCTTAC-AGGCAGAA,Mus,GSM4655548,21001523
SRR12152714,ftp.sra.ebi.ac.uk/vol1/fastq/SRR121/014/SRR12152714/SRR12152714.fastq.gz,Day_8,GC071392_CTCCTTAC-TGCAGCTA,Mus,GSM4655568,20990114
SRR12152737,ftp.sra.ebi.ac.uk/vol1/fastq/SRR121/037/SRR12152737/SRR12152737.fastq.gz,Day_10,GC071392_CTTAATAG-TCGACGTC,Mus,GSM4655591,20975658
SRR12153078,ftp.sra.ebi.ac.uk/vol1/fastq/SRR121/078/SRR12153078/SRR12153078.fastq.gz,Day_12,GC071398_TACTCCTT-AGGCAGAA,Mus,GSM4655932,20884462
SRR12152501,ftp.sra.ebi.ac.uk/vol1/fastq/SRR121/001/SRR12152501/SRR12152501.fastq.gz,Day_8,GC071392_AGAGGATA-ACTGAGCG,Mus,GSM4655355,20881995
SRR12152771,ftp.sra.ebi.ac.uk/vol1/fastq/SRR121/071/SRR12152771/SRR12152771.fastq.gz,Day_8,GC071392_TACTCCTT-CGATCAGT,Mus,GSM4655625,20794484
SRR12152739,ftp.sra.ebi.ac.uk/vol1/fastq/SRR121/039/SRR12152739/SRR12152739.fastq.gz,Day_9,GC071392_TAAGGCTC-AAGAGGCA,Mus,GSM4655593,20779567
SRR12152643,ftp.sra.ebi.ac.uk/vol1/fastq/SRR121/043/SRR12152643/SRR12152643.fastq.gz,Day_0,GC071392_CGGAGAGA-AAGAGGCA,Mus,GSM4655497,20774186
SRR12152881,ftp.sra.ebi.ac.uk/vol1/fastq/SRR121/081/SRR12152881/SRR12152881.fastq.gz,Day_12,GC071398_AGAGGATA-CGTACTAG,Mus,GSM4655735,20659925
SRR12152785,ftp.sra.ebi.ac.uk/vol1/fastq/SRR121/085/SRR12152785/SRR12152785.fastq.gz,Day_8,GC071392_TACTCCTT-TCGACGTC,Mus,GSM4655639,20653490
SRR12152892,ftp.sra.ebi.ac.uk/vol1/fastq/SRR121/092/SRR12152892/SRR12152892.fastq.gz,Day_12,GC071398_AGAGGATA-TCCTGAGC,Mus,GSM4655746,20629049
SRR12152494,ftp.sra.ebi.ac.uk/vol1/fastq/SRR121/094/SRR12152494/SRR12152494.fastq.gz,Day_10,GC071392_ACTCTAGG-TAGCGCTC,Mus,GSM4655348,20602497
SRR12153072,ftp.sra.ebi.ac.uk/vol1/fastq/SRR121/072/SRR12153072/SRR12153072.fastq.gz,Day_12,GC071398_TAAGGCTC-TAGCGCTC,Cast,GSM4655926,20500124
SRR12152779,ftp.sra.ebi.ac.uk/vol1/fastq/SRR121/079/SRR12152779/SRR12152779.fastq.gz,Day_0,GC071392_TACTCCTT-GTAGAGGA,Mus,GSM4655633,20491192
SRR12152622,ftp.sra.ebi.ac.uk/vol1/fastq/SRR121/022/SRR12152622/SRR12152622.fastq.gz,Day_0,GC071392_ATTAGACG-AGGCAGAA,Mus,GSM4655476,20475361
SRR12152748,ftp.sra.ebi.ac.uk/vol1/fastq/SRR121/048/SRR12152748/SRR12152748.fastq.gz,Day_10,GC071392_TAAGGCTC-CGGAGCCT,Mus,GSM4655602,20469833
SRR12152775,ftp.sra.ebi.ac.uk/vol1/fastq/SRR121/075/SRR12152775/SRR12152775.fastq.gz,Day_8,GC071392_TACTCCTT-GCGTAGTA,Mus,GSM4655629,20429164
SRR12152708,ftp.sra.ebi.ac.uk/vol1/fastq/SRR121/008/SRR12152708/SRR12152708.fastq.gz,Day_0,GC071392_CTCCTTAC-TAAGGCGA,Mus,GSM4655562,20393316
SRR12152768,ftp.sra.ebi.ac.uk/vol1/fastq/SRR121/068/SRR12152768/SRR12152768.fastq.gz,Day_8,GC071392_TACTCCTT-ATGCGCAG,Mus,GSM4655622,20291868
SRR12152480,ftp.sra.ebi.ac.uk/vol1/fastq/SRR121/080/SRR12152480/SRR12152480.fastq.gz,Day_10,GC071392_ACTCTAGG-ATGCGCAG,Mus,GSM4655334,20282770
SRR12152579,ftp.sra.ebi.ac.uk/vol1/fastq/SRR121/079/SRR12152579/SRR12152579.fastq.gz,Day_8,GC071392_ATAGAGAG-CGATCAGT,Mus,GSM4655433,20229583
SRR12152565,ftp.sra.ebi.ac.uk/vol1/fastq/SRR121/065/SRR12152565/SRR12152565.fastq.gz,Day_8,GC071392_AGGCTTAG-TACGCTGC,Mus,GSM4655419,20214753
SRR12152642,ftp.sra.ebi.ac.uk/vol1/fastq/SRR121/042/SRR12152642/SRR12152642.fastq.gz,Day_8,GC071392_ATTAGACG-TGCAGCTA,Mus,GSM4655496,20214497
SRR12152820,ftp.sra.ebi.ac.uk/vol1/fastq/SRR121/020/SRR12152820/SRR12152820.fastq.gz,Day_10,GC071392_TCGCATAA-CGGAGCCT,Mus,GSM4655674,20152457
SRR12152811,ftp.sra.ebi.ac.uk/vol1/fastq/SRR121/011/SRR12152811/SRR12152811.fastq.gz,Day_9,GC071392_TCGCATAA-AAGAGGCA,Mus,GSM4655665,20121115
SRR12152742,ftp.sra.ebi.ac.uk/vol1/fastq/SRR121/042/SRR12152742/SRR12152742.fastq.gz,Day_9,GC071392_TAAGGCTC-AGGCAGAA,Mus,GSM4655596,20108964
SRR12152808,ftp.sra.ebi.ac.uk/vol1/fastq/SRR121/008/SRR12152808/SRR12152808.fastq.gz,Day_0,GC071392_TATGCAGT-TCCTGAGC,Mus,GSM4655662,20107058
SRR12152795,ftp.sra.ebi.ac.uk/vol1/fastq/SRR121/095/SRR12152795/SRR12152795.fastq.gz,Day_8,GC071392_TATGCAGT-CGATCAGT,Mus,GSM4655649,20101645
SRR12153120,ftp.sra.ebi.ac.uk/vol1/fastq/SRR121/020/SRR12153120/SRR12153120.fastq.gz,Day_12,GC071398_TATGCAGT-TCCTGAGC,Mus,GSM4655974,19972609
SRR12152929,ftp.sra.ebi.ac.uk/vol1/fastq/SRR121/029/SRR12152929/SRR12152929.fastq.gz,iPSCs,GC071398_AGGCTTAG-TCGACGTC,Mus,GSM4655783,19832281
SRR12152664,ftp.sra.ebi.ac.uk/vol1/fastq/SRR121/064/SRR12152664/SRR12152664.fastq.gz,Day_0,GC071392_CGGAGAGA-TCCTGAGC,Mus,GSM4655518,19815491
SRR12153014,ftp.sra.ebi.ac.uk/vol1/fastq/SRR121/014/SRR12153014/SRR12153014.fastq.gz,iPSCs,GC071398_CGGAGAGA-TGCAGCTA,Mus,GSM4655868,19773299
SRR12153046,ftp.sra.ebi.ac.uk/vol1/fastq/SRR121/046/SRR12153046/SRR12153046.fastq.gz,iPSCs,GC071398_CTCCTTAC-TAGCGCTC,Mus,GSM4655900,19697049
SRR12152685,ftp.sra.ebi.ac.uk/vol1/fastq/SRR121/085/SRR12152685/SRR12152685.fastq.gz,Day_10,GC071392_CTAGTCGA-TACGCTGC,Mus,GSM4655539,19667604
SRR12152930,ftp.sra.ebi.ac.uk/vol1/fastq/SRR121/030/SRR12152930/SRR12152930.fastq.gz,iPSCs,GC071398_AGGCTTAG-TGCAGCTA,Mus,GSM4655784,19630762
SRR12153019,ftp.sra.ebi.ac.uk/vol1/fastq/SRR121/019/SRR12153019/SRR12153019.fastq.gz,Day_12,GC071398_CTAGTCGA-CGATCAGT,Cast,GSM4655873,19543649
SRR12152710,ftp.sra.ebi.ac.uk/vol1/fastq/SRR121/010/SRR12152710/SRR12152710.fastq.gz,Day_8,GC071392_CTCCTTAC-TAGCGCTC,Mus,GSM4655564,19472772
SRR12152783,ftp.sra.ebi.ac.uk/vol1/fastq/SRR121/083/SRR12152783/SRR12152783.fastq.gz,Day_0,GC071392_TACTCCTT-TAGGCATG,Mus,GSM4655637,19464832
SRR12152476,ftp.sra.ebi.ac.uk/vol1/fastq/SRR121/076/SRR12152476/SRR12152476.fastq.gz,Day_10,GC071392_ACTCTAGG-ACTCGCTA,Mus,GSM4655330,19388360
SRR12152743,ftp.sra.ebi.ac.uk/vol1/fastq/SRR121/043/SRR12152743/SRR12152743.fastq.gz,Day_9,GC071392_TAAGGCTC-ATCTCAGG,Mus,GSM4655597,19386300
SRR12152486,ftp.sra.ebi.ac.uk/vol1/fastq/SRR121/086/SRR12152486/SRR12152486.fastq.gz,Day_9,GC071392_ACTCTAGG-CTCTCTAC,Mus,GSM4655340,19224680
SRR12153104,ftp.sra.ebi.ac.uk/vol1/fastq/SRR121/004/SRR12153104/SRR12153104.fastq.gz,iPSCs,GC071398_TATGCAGT-ATGCGCAG,Mus,GSM4655958,19189766
SRR12152499,ftp.sra.ebi.ac.uk/vol1/fastq/SRR121/099/SRR12152499/SRR12152499.fastq.gz,Day_0,GC071392_AGAGGATA-AAGAGGCA,Mus,GSM4655353,19019034
SRR12152618,ftp.sra.ebi.ac.uk/vol1/fastq/SRR121/018/SRR12152618/SRR12152618.fastq.gz,Day_10,GC071392_ATAGCCTT-TGCAGCTA,Mus,GSM4655472,19013568
SRR12152506,ftp.sra.ebi.ac.uk/vol1/fastq/SRR121/006/SRR12152506/SRR12152506.fastq.gz,Day_0,GC071392_AGAGGATA-CGAGGCTG,Mus,GSM4655360,19011768
SRR12152843,ftp.sra.ebi.ac.uk/vol1/fastq/SRR121/043/SRR12152843/SRR12152843.fastq.gz,Day_10,GC071392_TCTTACGC-CGATCAGT,Mus,GSM4655697,18993190
SRR12152633,ftp.sra.ebi.ac.uk/vol1/fastq/SRR121/033/SRR12152633/SRR12152633.fastq.gz,Day_0,GC071392_ATTAGACG-GGACTCCT,Mus,GSM4655487,18931833
SRR12152717,ftp.sra.ebi.ac.uk/vol1/fastq/SRR121/017/SRR12152717/SRR12152717.fastq.gz,Day_10,GC071392_CTTAATAG-ACTGAGCG,Mus,GSM4655571,18931320
SRR12152829,ftp.sra.ebi.ac.uk/vol1/fastq/SRR121/029/SRR12152829/SRR12152829.fastq.gz,Day_10,GC071392_TCGCATAA-TACGCTGC,Mus,GSM4655683,18854135
SRR12152861,ftp.sra.ebi.ac.uk/vol1/fastq/SRR121/061/SRR12152861/SRR12152861.fastq.gz,Day_12,GC071398_ACTCTAGG-ATGCGCAG,Cast,GSM4655715,18853540
SRR12152493,ftp.sra.ebi.ac.uk/vol1/fastq/SRR121/093/SRR12152493/SRR12152493.fastq.gz,Day_10,GC071392_ACTCTAGG-TACGCTGC,Mus,GSM4655347,18852441
SRR12152801,ftp.sra.ebi.ac.uk/vol1/fastq/SRR121/001/SRR12152801/SRR12152801.fastq.gz,Day_0,GC071392_TATGCAGT-GGACTCCT,Mus,GSM4655655,18804916
SRR12152733,ftp.sra.ebi.ac.uk/vol1/fastq/SRR121/033/SRR12152733/SRR12152733.fastq.gz,Day_10,GC071392_CTTAATAG-TACGCTGC,Mus,GSM4655587,18788329
SRR12152982,ftp.sra.ebi.ac.uk/vol1/fastq/SRR121/082/SRR12152982/SRR12152982.fastq.gz,iPSCs,GC071398_ATTAGACG-GGAGCTAC,Mus,GSM4655836,18751479
SRR12152490,ftp.sra.ebi.ac.uk/vol1/fastq/SRR121/090/SRR12152490/SRR12152490.fastq.gz,Day_10,GC071392_ACTCTAGG-GGAGCTAC,Mus,GSM4655344,18687410
SRR12152484,ftp.sra.ebi.ac.uk/vol1/fastq/SRR121/084/SRR12152484/SRR12152484.fastq.gz,Day_10,GC071392_ACTCTAGG-CGGAGCCT,Mus,GSM4655338,18681355
SRR12152541,ftp.sra.ebi.ac.uk/vol1/fastq/SRR121/041/SRR12152541/SRR12152541.fastq.gz,Day_10,GC071392_AGCTAGAA-TACGCTGC,Mus,GSM4655395,18653160
SRR12152992,ftp.sra.ebi.ac.uk/vol1/fastq/SRR121/092/SRR12152992/SRR12152992.fastq.gz,iPSCs,GC071398_CGGAGAGA-ACTCGCTA,Mus,GSM4655846,18645927
SRR12152709,ftp.sra.ebi.ac.uk/vol1/fastq/SRR121/009/SRR12152709/SRR12152709.fastq.gz,Day_8,GC071392_CTCCTTAC-TACGCTGC,Mus,GSM4655563,18637014
SRR12152658,ftp.sra.ebi.ac.uk/vol1/fastq/SRR121/058/SRR12152658/SRR12152658.fastq.gz,Day_8,GC071392_CGGAGAGA-GGAGCTAC,Mus,GSM4655512,18604587
SRR12152764,ftp.sra.ebi.ac.uk/vol1/fastq/SRR121/064/SRR12152764/SRR12152764.fastq.gz,Day_8,GC071392_TACTCCTT-ACTCGCTA,Mus,GSM4655618,18498859
SRR12152839,ftp.sra.ebi.ac.uk/vol1/fastq/SRR121/039/SRR12152839/SRR12152839.fastq.gz,Day_9,GC071392_TCTTACGC-ATCTCAGG,Mus,GSM4655693,18459443
SRR12153082,ftp.sra.ebi.ac.uk/vol1/fastq/SRR121/082/SRR12153082/SRR12153082.fastq.gz,Day_12,GC071398_TACTCCTT-CGAGGCTG,Mus,GSM4655936,18435684
SRR12152776,ftp.sra.ebi.ac.uk/vol1/fastq/SRR121/076/SRR12152776/SRR12152776.fastq.gz,Day_0,GC071392_TACTCCTT-GCTCATGA,Mus,GSM4655630,18424203
SRR12152608,ftp.sra.ebi.ac.uk/vol1/fastq/SRR121/008/SRR12152608/SRR12152608.fastq.gz,Day_9,GC071392_ATAGCCTT-GCTCATGA,Mus,GSM4655462,18314129
SRR12152741,ftp.sra.ebi.ac.uk/vol1/fastq/SRR121/041/SRR12152741/SRR12152741.fastq.gz,Day_10,GC071392_TAAGGCTC-ACTGAGCG,Mus,GSM4655595,18169728
SRR12152674,ftp.sra.ebi.ac.uk/vol1/fastq/SRR121/074/SRR12152674/SRR12152674.fastq.gz,Day_9,GC071392_CTAGTCGA-CGAGGCTG,Mus,GSM4655528,18078399
SRR12152713,ftp.sra.ebi.ac.uk/vol1/fastq/SRR121/013/SRR12152713/SRR12152713.fastq.gz,Day_8,GC071392_CTCCTTAC-TCGACGTC,Mus,GSM4655567,18034567
SRR12153028,ftp.sra.ebi.ac.uk/vol1/fastq/SRR121/028/SRR12153028/SRR12153028.fastq.gz,iPSCs,GC071398_CTCCTTAC-ACTCGCTA,Mus,GSM4655882,17988442
SRR12152500,ftp.sra.ebi.ac.uk/vol1/fastq/SRR121/000/SRR12152500/SRR12152500.fastq.gz,Day_8,GC071392_AGAGGATA-ACTCGCTA,Mus,GSM4655354,17986837
SRR12152778,ftp.sra.ebi.ac.uk/vol1/fastq/SRR121/078/SRR12152778/SRR12152778.fastq.gz,Day_8,GC071392_TACTCCTT-GGAGCTAC,Mus,GSM4655632,17979514
SRR12152648,ftp.sra.ebi.ac.uk/vol1/fastq/SRR121/048/SRR12152648/SRR12152648.fastq.gz,Day_8,GC071392_CGGAGAGA-ATGCGCAG,Mus,GSM4655502,17963911
SRR12152846,ftp.sra.ebi.ac.uk/vol1/fastq/SRR121/046/SRR12152846/SRR12152846.fastq.gz,Day_9,GC071392_TCTTACGC-CTCTCTAC,Mus,GSM4655700,17943193
SRR12152640,ftp.sra.ebi.ac.uk/vol1/fastq/SRR121/040/SRR12152640/SRR12152640.fastq.gz,Day_0,GC071392_ATTAGACG-TCCTGAGC,Mus,GSM4655494,17891045
SRR12152916,ftp.sra.ebi.ac.uk/vol1/fastq/SRR121/016/SRR12152916/SRR12152916.fastq.gz,iPSCs,GC071398_AGGCTTAG-CGGAGCCT,Mus,GSM4655770,17888759
SRR12152720,ftp.sra.ebi.ac.uk/vol1/fastq/SRR121/020/SRR12152720/SRR12152720.fastq.gz,Day_10,GC071392_CTTAATAG-ATGCGCAG,Mus,GSM4655574,17863347
SRR12153090,ftp.sra.ebi.ac.uk/vol1/fastq/SRR121/090/SRR12153090/SRR12153090.fastq.gz,iPSCs,GC071398_TACTCCTT-GGAGCTAC,Mus,GSM4655944,17836307
SRR12152652,ftp.sra.ebi.ac.uk/vol1/fastq/SRR121/052/SRR12152652/SRR12152652.fastq.gz,Day_8,GC071392_CGGAGAGA-CGGAGCCT,Mus,GSM4655506,17807144
SRR12152765,ftp.sra.ebi.ac.uk/vol1/fastq/SRR121/065/SRR12152765/SRR12152765.fastq.gz,Day_8,GC071392_TACTCCTT-ACTGAGCG,Mus,GSM4655619,17791141
SRR12152704,ftp.sra.ebi.ac.uk/vol1/fastq/SRR121/004/SRR12152704/SRR12152704.fastq.gz,Day_0,GC071392_CTCCTTAC-GCTCATGA,Mus,GSM4655558,17763401
SRR12153054,ftp.sra.ebi.ac.uk/vol1/fastq/SRR121/054/SRR12153054/SRR12153054.fastq.gz,Day_12,GC071398_CTTAATAG-CCTAAGAC,Cast,GSM4655908,17706562
SRR12153034,ftp.sra.ebi.ac.uk/vol1/fastq/SRR121/034/SRR12153034/SRR12153034.fastq.gz,Day_12,GC071398_CTCCTTAC-CGAGGCTG,Mus,GSM4655888,17693663
SRR12153058,ftp.sra.ebi.ac.uk/vol1/fastq/SRR121/058/SRR12153058/SRR12153058.fastq.gz,Day_12,GC071398_CTTAATAG-GGAGCTAC,Cast,GSM4655912,17664443
SRR12152738,ftp.sra.ebi.ac.uk/vol1/fastq/SRR121/038/SRR12152738/SRR12152738.fastq.gz,Day_10,GC071392_CTTAATAG-TGCAGCTA,Mus,GSM4655592,17651538
SRR12152789,ftp.sra.ebi.ac.uk/vol1/fastq/SRR121/089/SRR12152789/SRR12152789.fastq.gz,Day_8,GC071392_TATGCAGT-ACTGAGCG,Mus,GSM4655643,17635771
SRR12152488,ftp.sra.ebi.ac.uk/vol1/fastq/SRR121/088/SRR12152488/SRR12152488.fastq.gz,Day_9,GC071392_ACTCTAGG-GCTCATGA,Mus,GSM4655342,17623900
SRR12152675,ftp.sra.ebi.ac.uk/vol1/fastq/SRR121/075/SRR12152675/SRR12152675.fastq.gz,Day_10,GC071392_CTAGTCGA-CGATCAGT,Mus,GSM4655529,17590311
SRR12152750,ftp.sra.ebi.ac.uk/vol1/fastq/SRR121/050/SRR12152750/SRR12152750.fastq.gz,Day_9,GC071392_TAAGGCTC-CTCTCTAC,Mus,GSM4655604,17562858
SRR12152566,ftp.sra.ebi.ac.uk/vol1/fastq/SRR121/066/SRR12152566/SRR12152566.fastq.gz,Day_8,GC071392_AGGCTTAG-TAGCGCTC,Mus,GSM4655420,17513209
SRR12152781,ftp.sra.ebi.ac.uk/vol1/fastq/SRR121/081/SRR12152781/SRR12152781.fastq.gz,Day_8,GC071392_TACTCCTT-TACGCTGC,Mus,GSM4655635,17387660
SRR12152496,ftp.sra.ebi.ac.uk/vol1/fastq/SRR121/096/SRR12152496/SRR12152496.fastq.gz,Day_9,GC071392_ACTCTAGG-TCCTGAGC,Mus,GSM4655350,17380538
SRR12152680,ftp.sra.ebi.ac.uk/vol1/fastq/SRR121/080/SRR12152680/SRR12152680.fastq.gz,Day_9,GC071392_CTAGTCGA-GCTCATGA,Mus,GSM4655534,17375705
SRR12152831,ftp.sra.ebi.ac.uk/vol1/fastq/SRR121/031/SRR12152831/SRR12152831.fastq.gz,Day_9,GC071392_TCGCATAA-TAGGCATG,Mus,GSM4655685,17353144
SRR12152787,ftp.sra.ebi.ac.uk/vol1/fastq/SRR121/087/SRR12152787/SRR12152787.fastq.gz,Day_0,GC071392_TATGCAGT-AAGAGGCA,Mus,GSM4655641,17300834
SRR12152770,ftp.sra.ebi.ac.uk/vol1/fastq/SRR121/070/SRR12152770/SRR12152770.fastq.gz,Day_0,GC071392_TACTCCTT-CGAGGCTG,Mus,GSM4655624,17259065
SRR12152854,ftp.sra.ebi.ac.uk/vol1/fastq/SRR121/054/SRR12152854/SRR12152854.fastq.gz,Day_10,GC071392_TCTTACGC-TAGCGCTC,Mus,GSM4655708,17223735
SRR12152477,ftp.sra.ebi.ac.uk/vol1/fastq/SRR121/077/SRR12152477/SRR12152477.fastq.gz,Day_10,GC071392_ACTCTAGG-ACTGAGCG,Mus,GSM4655331,17206032
SRR12152482,ftp.sra.ebi.ac.uk/vol1/fastq/SRR121/082/SRR12152482/SRR12152482.fastq.gz,Day_9,GC071392_ACTCTAGG-CGAGGCTG,Mus,GSM4655336,17099988
SRR12152609,ftp.sra.ebi.ac.uk/vol1/fastq/SRR121/009/SRR12152609/SRR12152609.fastq.gz,Day_9,GC071392_ATAGCCTT-GGACTCCT,Mus,GSM4655463,17047744
SRR12152568,ftp.sra.ebi.ac.uk/vol1/fastq/SRR121/068/SRR12152568/SRR12152568.fastq.gz,Day_0,GC071392_AGGCTTAG-TCCTGAGC,Mus,GSM4655422,17023062
SRR12152542,ftp.sra.ebi.ac.uk/vol1/fastq/SRR121/042/SRR12152542/SRR12152542.fastq.gz,Day_10,GC071392_AGCTAGAA-TAGCGCTC,Mus,GSM4655396,16924197
SRR12152544,ftp.sra.ebi.ac.uk/vol1/fastq/SRR121/044/SRR12152544/SRR12152544.fastq.gz,Day_9,GC071392_AGCTAGAA-TCCTGAGC,Mus,GSM4655398,16880193
SRR12153116,ftp.sra.ebi.ac.uk/vol1/fastq/SRR121/016/SRR12153116/SRR12153116.fastq.gz,Day_12,GC071398_TATGCAGT-TAAGGCGA,Mus,GSM4655970,16835123
SRR12152549,ftp.sra.ebi.ac.uk/vol1/fastq/SRR121/049/SRR12152549/SRR12152549.fastq.gz,Day_8,GC071392_AGGCTTAG-ACTGAGCG,Mus,GSM4655403,16822184
SRR12152825,ftp.sra.ebi.ac.uk/vol1/fastq/SRR121/025/SRR12152825/SRR12152825.fastq.gz,Day_9,GC071392_TCGCATAA-GGACTCCT,Mus,GSM4655679,16803765
SRR12153102,ftp.sra.ebi.ac.uk/vol1/fastq/SRR121/002/SRR12153102/SRR12153102.fastq.gz,Day_12,GC071398_TATGCAGT-AGGCAGAA,Mus,GSM4655956,16800785
SRR12152763,ftp.sra.ebi.ac.uk/vol1/fastq/SRR121/063/SRR12152763/SRR12152763.fastq.gz,Day_0,GC071392_TACTCCTT-AAGAGGCA,Mus,GSM4655617,16800268
SRR12152691,ftp.sra.ebi.ac.uk/vol1/fastq/SRR121/091/SRR12152691/SRR12152691.fastq.gz,Day_0,GC071392_CTCCTTAC-AAGAGGCA,Mus,GSM4655545,16745042
SRR12152537,ftp.sra.ebi.ac.uk/vol1/fastq/SRR121/037/SRR12152537/SRR12152537.fastq.gz,Day_9,GC071392_AGCTAGAA-GGACTCCT,Mus,GSM4655391,16740680
SRR12152569,ftp.sra.ebi.ac.uk/vol1/fastq/SRR121/069/SRR12152569/SRR12152569.fastq.gz,Day_8,GC071392_AGGCTTAG-TCGACGTC,Mus,GSM4655423,16715411
SRR12152853,ftp.sra.ebi.ac.uk/vol1/fastq/SRR121/053/SRR12152853/SRR12152853.fastq.gz,Day_10,GC071392_TCTTACGC-TACGCTGC,Mus,GSM4655707,16690571
SRR12152529,ftp.sra.ebi.ac.uk/vol1/fastq/SRR121/029/SRR12152529/SRR12152529.fastq.gz,Day_10,GC071392_AGCTAGAA-CCTAAGAC,Mus,GSM4655383,16660302
SRR12152845,ftp.sra.ebi.ac.uk/vol1/fastq/SRR121/045/SRR12152845/SRR12152845.fastq.gz,Day_9,GC071392_TCTTACGC-CGTACTAG,Mus,GSM4655699,16521101
SRR12152616,ftp.sra.ebi.ac.uk/vol1/fastq/SRR121/016/SRR12152616/SRR12152616.fastq.gz,Day_9,GC071392_ATAGCCTT-TCCTGAGC,Mus,GSM4655470,16513802
SRR12153009,ftp.sra.ebi.ac.uk/vol1/fastq/SRR121/009/SRR12153009/SRR12153009.fastq.gz,iPSCs,GC071398_CGGAGAGA-TACGCTGC,Mus,GSM4655863,16469014
SRR12152977,ftp.sra.ebi.ac.uk/vol1/fastq/SRR121/077/SRR12152977/SRR12152977.fastq.gz,Day_12,GC071398_ATTAGACG-CGTACTAG,Mus,GSM4655831,16425960
SRR12152653,ftp.sra.ebi.ac.uk/vol1/fastq/SRR121/053/SRR12152653/SRR12152653.fastq.gz,Day_0,GC071392_CGGAGAGA-CGTACTAG,Mus,GSM4655507,16353527
SRR12153063,ftp.sra.ebi.ac.uk/vol1/fastq/SRR121/063/SRR12153063/SRR12153063.fastq.gz,Day_12,GC071398_TAAGGCTC-ACTCGCTA,Cast,GSM4655917,16328800
SRR12152564,ftp.sra.ebi.ac.uk/vol1/fastq/SRR121/064/SRR12152564/SRR12152564.fastq.gz,Day_0,GC071392_AGGCTTAG-TAAGGCGA,Mus,GSM4655418,16291030
SRR12152727,ftp.sra.ebi.ac.uk/vol1/fastq/SRR121/027/SRR12152727/SRR12152727.fastq.gz,Day_10,GC071392_CTTAATAG-GCGTAGTA,Mus,GSM4655581,16275463
SRR12152575,ftp.sra.ebi.ac.uk/vol1/fastq/SRR121/075/SRR12152575/SRR12152575.fastq.gz,Day_0,GC071392_ATAGAGAG-ATCTCAGG,Mus,GSM4655429,16273495
SRR12152722,ftp.sra.ebi.ac.uk/vol1/fastq/SRR121/022/SRR12152722/SRR12152722.fastq.gz,Day_9,GC071392_CTTAATAG-CGAGGCTG,Mus,GSM4655576,16110883
SRR12152856,ftp.sra.ebi.ac.uk/vol1/fastq/SRR121/056/SRR12152856/SRR12152856.fastq.gz,Day_9,GC071392_TCTTACGC-TCCTGAGC,Mus,GSM4655710,16027724
SRR12152949,ftp.sra.ebi.ac.uk/vol1/fastq/SRR121/049/SRR12152949/SRR12152949.fastq.gz,iPSCs,GC071398_ATAGAGAG-TACGCTGC,Mus,GSM4655803,15999813
SRR12152873,ftp.sra.ebi.ac.uk/vol1/fastq/SRR121/073/SRR12152873/SRR12152873.fastq.gz,iPSCs,GC071398_AGAGGATA-ACTGAGCG,Mus,GSM4655727,15976134
SRR12152661,ftp.sra.ebi.ac.uk/vol1/fastq/SRR121/061/SRR12152661/SRR12152661.fastq.gz,Day_8,GC071392_CGGAGAGA-TACGCTGC,Mus,GSM4655515,15951441
SRR12153121,ftp.sra.ebi.ac.uk/vol1/fastq/SRR121/021/SRR12153121/SRR12153121.fastq.gz,iPSCs,GC071398_TATGCAGT-TCGACGTC,Mus,GSM4655975,15935127
SRR12152601,ftp.sra.ebi.ac.uk/vol1/fastq/SRR121/001/SRR12152601/SRR12152601.fastq.gz,Day_10,GC071392_ATAGCCTT-CCTAAGAC,Mus,GSM4655455,15874134
SRR12152631,ftp.sra.ebi.ac.uk/vol1/fastq/SRR121/031/SRR12152631/SRR12152631.fastq.gz,Day_8,GC071392_ATTAGACG-GCGTAGTA,Mus,GSM4655485,15850136
SRR12152625,ftp.sra.ebi.ac.uk/vol1/fastq/SRR121/025/SRR12152625/SRR12152625.fastq.gz,Day_8,GC071392_ATTAGACG-CCTAAGAC,Mus,GSM4655479,15833762
SRR12152627,ftp.sra.ebi.ac.uk/vol1/fastq/SRR121/027/SRR12152627/SRR12152627.fastq.gz,Day_8,GC071392_ATTAGACG-CGATCAGT,Mus,GSM4655481,15638188
SRR12152701,ftp.sra.ebi.ac.uk/vol1/fastq/SRR121/001/SRR12152701/SRR12152701.fastq.gz,Day_0,GC071392_CTCCTTAC-CGTACTAG,Mus,GSM4655555,15626026
SRR12152746,ftp.sra.ebi.ac.uk/vol1/fastq/SRR121/046/SRR12152746/SRR12152746.fastq.gz,Day_9,GC071392_TAAGGCTC-CGAGGCTG,Mus,GSM4655600,15588870
SRR12152788,ftp.sra.ebi.ac.uk/vol1/fastq/SRR121/088/SRR12152788/SRR12152788.fastq.gz,Day_8,GC071392_TATGCAGT-ACTCGCTA,Mus,GSM4655642,15568596
SRR12152730,ftp.sra.ebi.ac.uk/vol1/fastq/SRR121/030/SRR12152730/SRR12152730.fastq.gz,Day_10,GC071392_CTTAATAG-GGAGCTAC,Mus,GSM4655584,15519986
SRR12152540,ftp.sra.ebi.ac.uk/vol1/fastq/SRR121/040/SRR12152540/SRR12152540.fastq.gz,Day_9,GC071392_AGCTAGAA-TAAGGCGA,Mus,GSM4655394,15516433
SRR12153098,ftp.sra.ebi.ac.uk/vol1/fastq/SRR121/098/SRR12153098/SRR12153098.fastq.gz,iPSCs,GC071398_TACTCCTT-TGCAGCTA,Mus,GSM4655952,15507810
SRR12152611,ftp.sra.ebi.ac.uk/vol1/fastq/SRR121/011/SRR12152611/SRR12152611.fastq.gz,Day_9,GC071392_ATAGCCTT-GTAGAGGA,Mus,GSM4655465,15442197
SRR12153065,ftp.sra.ebi.ac.uk/vol1/fastq/SRR121/065/SRR12153065/SRR12153065.fastq.gz,Day_12,GC071398_TAAGGCTC-ATGCGCAG,Cast,GSM4655919,15341802
SRR12152602,ftp.sra.ebi.ac.uk/vol1/fastq/SRR121/002/SRR12152602/SRR12152602.fastq.gz,Day_9,GC071392_ATAGCCTT-CGAGGCTG,Mus,GSM4655456,15285615
SRR12152702,ftp.sra.ebi.ac.uk/vol1/fastq/SRR121/002/SRR12152702/SRR12152702.fastq.gz,Day_0,GC071392_CTCCTTAC-CTCTCTAC,Mus,GSM4655556,15284628
SRR12152706,ftp.sra.ebi.ac.uk/vol1/fastq/SRR121/006/SRR12152706/SRR12152706.fastq.gz,Day_8,GC071392_CTCCTTAC-GGAGCTAC,Mus,GSM4655560,15268391
SRR12152554,ftp.sra.ebi.ac.uk/vol1/fastq/SRR121/054/SRR12152554/SRR12152554.fastq.gz,Day_0,GC071392_AGGCTTAG-CGAGGCTG,Mus,GSM4655408,15237947
SRR12152559,ftp.sra.ebi.ac.uk/vol1/fastq/SRR121/059/SRR12152559/SRR12152559.fastq.gz,Day_8,GC071392_AGGCTTAG-GCGTAGTA,Mus,GSM4655413,15198833
SRR12152893,ftp.sra.ebi.ac.uk/vol1/fastq/SRR121/093/SRR12152893/SRR12152893.fastq.gz,iPSCs,GC071398_AGAGGATA-TCGACGTC,Mus,GSM4655747,15168597
SRR12153109,ftp.sra.ebi.ac.uk/vol1/fastq/SRR121/009/SRR12153109/SRR12153109.fastq.gz,Day_12,GC071398_TATGCAGT-CGTACTAG,Mus,GSM4655963,15149959
SRR12152637,ftp.sra.ebi.ac.uk/vol1/fastq/SRR121/037/SRR12152637/SRR12152637.fastq.gz,Day_8,GC071392_ATTAGACG-TACGCTGC,Mus,GSM4655491,15148029
SRR12152712,ftp.sra.ebi.ac.uk/vol1/fastq/SRR121/012/SRR12152712/SRR12152712.fastq.gz,Day_0,GC071392_CTCCTTAC-TCCTGAGC,Mus,GSM4655566,15108516
SRR12152525,ftp.sra.ebi.ac.uk/vol1/fastq/SRR121/025/SRR12152525/SRR12152525.fastq.gz,Day_10,GC071392_AGCTAGAA-ACTGAGCG,Mus,GSM4655379,15105474
SRR12152989,ftp.sra.ebi.ac.uk/vol1/fastq/SRR121/089/SRR12152989/SRR12152989.fastq.gz,iPSCs,GC071398_ATTAGACG-TCGACGTC,Mus,GSM4655843,14975837
SRR12153096,ftp.sra.ebi.ac.uk/vol1/fastq/SRR121/096/SRR12153096/SRR12153096.fastq.gz,Day_12,GC071398_TACTCCTT-TCCTGAGC,Mus,GSM4655950,14904752
SRR12152816,ftp.sra.ebi.ac.uk/vol1/fastq/SRR121/016/SRR12152816/SRR12152816.fastq.gz,Day_10,GC071392_TCGCATAA-ATGCGCAG,Mus,GSM4655670,14886903
SRR12152827,ftp.sra.ebi.ac.uk/vol1/fastq/SRR121/027/SRR12152827/SRR12152827.fastq.gz,Day_9,GC071392_TCGCATAA-GTAGAGGA,Mus,GSM4655681,14840494
SRR12152553,ftp.sra.ebi.ac.uk/vol1/fastq/SRR121/053/SRR12152553/SRR12152553.fastq.gz,Day_8,GC071392_AGGCTTAG-CCTAAGAC,Mus,GSM4655407,14689445
SRR12152511,ftp.sra.ebi.ac.uk/vol1/fastq/SRR121/011/SRR12152511/SRR12152511.fastq.gz,Day_8,GC071392_AGAGGATA-GCGTAGTA,Mus,GSM4655365,14600721
SRR12152576,ftp.sra.ebi.ac.uk/vol1/fastq/SRR121/076/SRR12152576/SRR12152576.fastq.gz,Day_8,GC071392_ATAGAGAG-ATGCGCAG,Mus,GSM4655430,14580557
SRR12152475,ftp.sra.ebi.ac.uk/vol1/fastq/SRR121/075/SRR12152475/SRR12152475.fastq.gz,Day_9,GC071392_ACTCTAGG-AAGAGGCA,Mus,GSM4655329,14566520
SRR12152695,ftp.sra.ebi.ac.uk/vol1/fastq/SRR121/095/SRR12152695/SRR12152695.fastq.gz,Day_0,GC071392_CTCCTTAC-ATCTCAGG,Mus,GSM4655549,14509503
SRR12153106,ftp.sra.ebi.ac.uk/vol1/fastq/SRR121/006/SRR12153106/SRR12153106.fastq.gz,Day_12,GC071398_TATGCAGT-CGAGGCTG,Mus,GSM4655960,14494244
SRR12152589,ftp.sra.ebi.ac.uk/vol1/fastq/SRR121/089/SRR12152589/SRR12152589.fastq.gz,Day_8,GC071392_ATAGAGAG-TACGCTGC,Mus,GSM4655443,14486763
SRR12152905,ftp.sra.ebi.ac.uk/vol1/fastq/SRR121/005/SRR12152905/SRR12152905.fastq.gz,Day_12,GC071398_AGCTAGAA-TCGACGTC,Cast,GSM4655759,14361420
SRR12152863,ftp.sra.ebi.ac.uk/vol1/fastq/SRR121/063/SRR12152863/SRR12152863.fastq.gz,Day_12,GC071398_ACTCTAGG-CGATCAGT,Cast,GSM4655717,14267678
SRR12152532,ftp.sra.ebi.ac.uk/vol1/fastq/SRR121/032/SRR12152532/SRR12152532.fastq.gz,Day_10,GC071392_AGCTAGAA-CGGAGCCT,Mus,GSM4655386,14178869
SRR12152793,ftp.sra.ebi.ac.uk/vol1/fastq/SRR121/093/SRR12152793/SRR12152793.fastq.gz,Day_8,GC071392_TATGCAGT-CCTAAGAC,Mus,GSM4655647,14149926
SRR12152481,ftp.sra.ebi.ac.uk/vol1/fastq/SRR121/081/SRR12152481/SRR12152481.fastq.gz,Day_10,GC071392_ACTCTAGG-CCTAAGAC,Mus,GSM4655335,14139935
SRR12152536,ftp.sra.ebi.ac.uk/vol1/fastq/SRR121/036/SRR12152536/SRR12152536.fastq.gz,Day_9,GC071392_AGCTAGAA-GCTCATGA,Mus,GSM4655390,14126424
SRR12152755,ftp.sra.ebi.ac.uk/vol1/fastq/SRR121/055/SRR12152755/SRR12152755.fastq.gz,Day_9,GC071392_TAAGGCTC-GTAGAGGA,Mus,GSM4655609,14126359
SRR12152800,ftp.sra.ebi.ac.uk/vol1/fastq/SRR121/000/SRR12152800/SRR12152800.fastq.gz,Day_0,GC071392_TATGCAGT-GCTCATGA,Mus,GSM4655654,14024845
SRR12152851,ftp.sra.ebi.ac.uk/vol1/fastq/SRR121/051/SRR12152851/SRR12152851.fastq.gz,Day_9,GC071392_TCTTACGC-GTAGAGGA,Mus,GSM4655705,13967539
SRR12152945,ftp.sra.ebi.ac.uk/vol1/fastq/SRR121/045/SRR12152945/SRR12152945.fastq.gz,Day_12,GC071398_ATAGAGAG-GGACTCCT,Mus,GSM4655799,13961555
SRR12152696,ftp.sra.ebi.ac.uk/vol1/fastq/SRR121/096/SRR12152696/SRR12152696.fastq.gz,Day_8,GC071392_CTCCTTAC-ATGCGCAG,Mus,GSM4655550,13937041
SRR12152516,ftp.sra.ebi.ac.uk/vol1/fastq/SRR121/016/SRR12152516/SRR12152516.fastq.gz,Day_0,GC071392_AGAGGATA-TAAGGCGA,Mus,GSM4655370,13761369
SRR12152562,ftp.sra.ebi.ac.uk/vol1/fastq/SRR121/062/SRR12152562/SRR12152562.fastq.gz,Day_8,GC071392_AGGCTTAG-GGAGCTAC,Mus,GSM4655416,13746374
SRR12152522,ftp.sra.ebi.ac.uk/vol1/fastq/SRR121/022/SRR12152522/SRR12152522.fastq.gz,Day_8,GC071392_AGAGGATA-TGCAGCTA,Mus,GSM4655376,13727001
SRR12152693,ftp.sra.ebi.ac.uk/vol1/fastq/SRR121/093/SRR12152693/SRR12152693.fastq.gz,Day_8,GC071392_CTCCTTAC-ACTGAGCG,Mus,GSM4655547,13650246
SRR12152782,ftp.sra.ebi.ac.uk/vol1/fastq/SRR121/082/SRR12152782/SRR12152782.fastq.gz,Day_8,GC071392_TACTCCTT-TAGCGCTC,Mus,GSM4655636,13639449
SRR12152595,ftp.sra.ebi.ac.uk/vol1/fastq/SRR121/095/SRR12152595/SRR12152595.fastq.gz,Day_9,GC071392_ATAGCCTT-AAGAGGCA,Mus,GSM4655449,13597374
SRR12152837,ftp.sra.ebi.ac.uk/vol1/fastq/SRR121/037/SRR12152837/SRR12152837.fastq.gz,Day_10,GC071392_TCTTACGC-ACTGAGCG,Mus,GSM4655691,13591504
SRR12152563,ftp.sra.ebi.ac.uk/vol1/fastq/SRR121/063/SRR12152563/SRR12152563.fastq.gz,Day_0,GC071392_AGGCTTAG-GTAGAGGA,Mus,GSM4655417,13521361
SRR12152835,ftp.sra.ebi.ac.uk/vol1/fastq/SRR121/035/SRR12152835/SRR12152835.fastq.gz,Day_9,GC071392_TCTTACGC-AAGAGGCA,Mus,GSM4655689,13408398
SRR12152838,ftp.sra.ebi.ac.uk/vol1/fastq/SRR121/038/SRR12152838/SRR12152838.fastq.gz,Day_9,GC071392_TCTTACGC-AGGCAGAA,Mus,GSM4655692,13366573
SRR12153002,ftp.sra.ebi.ac.uk/vol1/fastq/SRR121/002/SRR12153002/SRR12153002.fastq.gz,Day_12,GC071398_CGGAGAGA-CTCTCTAC,Mus,GSM4655856,13322254
SRR12152552,ftp.sra.ebi.ac.uk/vol1/fastq/SRR121/052/SRR12152552/SRR12152552.fastq.gz,Day_8,GC071392_AGGCTTAG-ATGCGCAG,Mus,GSM4655406,13274973
SRR12153055,ftp.sra.ebi.ac.uk/vol1/fastq/SRR121/055/SRR12153055/SRR12153055.fastq.gz,Day_12,GC071398_CTTAATAG-CGATCAGT,Cast,GSM4655909,13274779
SRR12152947,ftp.sra.ebi.ac.uk/vol1/fastq/SRR121/047/SRR12152947/SRR12152947.fastq.gz,Day_12,GC071398_ATAGAGAG-GTAGAGGA,Mus,GSM4655801,13267848
SRR12152758,ftp.sra.ebi.ac.uk/vol1/fastq/SRR121/058/SRR12152758/SRR12152758.fastq.gz,Day_10,GC071392_TAAGGCTC-TAGCGCTC,Mus,GSM4655612,13246068
SRR12152671,ftp.sra.ebi.ac.uk/vol1/fastq/SRR121/071/SRR12152671/SRR12152671.fastq.gz,Day_9,GC071392_CTAGTCGA-ATCTCAGG,Mus,GSM4655525,13223328
SRR12152761,ftp.sra.ebi.ac.uk/vol1/fastq/SRR121/061/SRR12152761/SRR12152761.fastq.gz,Day_10,GC071392_TAAGGCTC-TCGACGTC,Mus,GSM4655615,13217299
SRR12152498,ftp.sra.ebi.ac.uk/vol1/fastq/SRR121/098/SRR12152498/SRR12152498.fastq.gz,Day_10,GC071392_ACTCTAGG-TGCAGCTA,Mus,GSM4655352,13211794
SRR12152621,ftp.sra.ebi.ac.uk/vol1/fastq/SRR121/021/SRR12152621/SRR12152621.fastq.gz,Day_8,GC071392_ATTAGACG-ACTGAGCG,Mus,GSM4655475,13205751
SRR12152759,ftp.sra.ebi.ac.uk/vol1/fastq/SRR121/059/SRR12152759/SRR12152759.fastq.gz,Day_9,GC071392_TAAGGCTC-TAGGCATG,Mus,GSM4655613,13171975
SRR12152858,ftp.sra.ebi.ac.uk/vol1/fastq/SRR121/058/SRR12152858/SRR12152858.fastq.gz,Day_10,GC071392_TCTTACGC-TGCAGCTA,Mus,GSM4655712,13145861
SRR12153048,ftp.sra.ebi.ac.uk/vol1/fastq/SRR121/048/SRR12153048/SRR12153048.fastq.gz,Day_12,GC071398_CTCCTTAC-TCCTGAGC,Mus,GSM4655902,12973714
SRR12152907,ftp.sra.ebi.ac.uk/vol1/fastq/SRR121/007/SRR12152907/SRR12152907.fastq.gz,Day_12,GC071398_AGGCTTAG-AAGAGGCA,Mus,GSM4655761,12973522
SRR12152692,ftp.sra.ebi.ac.uk/vol1/fastq/SRR121/092/SRR12152692/SRR12152692.fastq.gz,Day_8,GC071392_CTCCTTAC-ACTCGCTA,Mus,GSM4655546,12876524
SRR12152799,ftp.sra.ebi.ac.uk/vol1/fastq/SRR121/099/SRR12152799/SRR12152799.fastq.gz,Day_8,GC071392_TATGCAGT-GCGTAGTA,Mus,GSM4655653,12769674
SRR12153128,ftp.sra.ebi.ac.uk/vol1/fastq/SRR121/028/SRR12153128/SRR12153128.fastq.gz,Day_12,GC071398_TCGCATAA-CGGAGCCT,Cast,GSM4655982,12656261
SRR12152508,ftp.sra.ebi.ac.uk/vol1/fastq/SRR121/008/SRR12152508/SRR12152508.fastq.gz,Day_8,GC071392_AGAGGATA-CGGAGCCT,Mus,GSM4655362,12646353
SRR12152914,ftp.sra.ebi.ac.uk/vol1/fastq/SRR121/014/SRR12152914/SRR12152914.fastq.gz,Day_12,GC071398_AGGCTTAG-CGAGGCTG,Mus,GSM4655768,12482102
SRR12152828,ftp.sra.ebi.ac.uk/vol1/fastq/SRR121/028/SRR12152828/SRR12152828.fastq.gz,Day_9,GC071392_TCGCATAA-TAAGGCGA,Mus,GSM4655682,12372598
SRR12153143,ftp.sra.ebi.ac.uk/vol1/fastq/SRR121/043/SRR12153143/SRR12153143.fastq.gz,Day_12,GC071398_TCTTACGC-TACGCTGC,Cast,GSM4655997,12324689
SRR12152698,ftp.sra.ebi.ac.uk/vol1/fastq/SRR121/098/SRR12152698/SRR12152698.fastq.gz,Day_0,GC071392_CTCCTTAC-CGAGGCTG,Mus,GSM4655552,12234877
SRR12152479,ftp.sra.ebi.ac.uk/vol1/fastq/SRR121/079/SRR12152479/SRR12152479.fastq.gz,Day_9,GC071392_ACTCTAGG-ATCTCAGG,Mus,GSM4655333,12167940
SRR12153013,ftp.sra.ebi.ac.uk/vol1/fastq/SRR121/013/SRR12153013/SRR12153013.fastq.gz,iPSCs,GC071398_CGGAGAGA-TCGACGTC,Mus,GSM4655867,12013711
SRR12152514,ftp.sra.ebi.ac.uk/vol1/fastq/SRR121/014/SRR12152514/SRR12152514.fastq.gz,Day_8,GC071392_AGAGGATA-GGAGCTAC,Mus,GSM4655368,12008178
SRR12152509,ftp.sra.ebi.ac.uk/vol1/fastq/SRR121/009/SRR12152509/SRR12152509.fastq.gz,Day_0,GC071392_AGAGGATA-CGTACTAG,Mus,GSM4655363,11984920
SRR12152681,ftp.sra.ebi.ac.uk/vol1/fastq/SRR121/081/SRR12152681/SRR12152681.fastq.gz,Day_9,GC071392_CTAGTCGA-GGACTCCT,Mus,GSM4655535,11983514
SRR12152844,ftp.sra.ebi.ac.uk/vol1/fastq/SRR121/044/SRR12152844/SRR12152844.fastq.gz,Day_10,GC071392_TCTTACGC-CGGAGCCT,Mus,GSM4655698,11977232
SRR12152762,ftp.sra.ebi.ac.uk/vol1/fastq/SRR121/062/SRR12152762/SRR12152762.fastq.gz,Day_10,GC071392_TAAGGCTC-TGCAGCTA,Mus,GSM4655616,11954568
SRR12152539,ftp.sra.ebi.ac.uk/vol1/fastq/SRR121/039/SRR12152539/SRR12152539.fastq.gz,Day_9,GC071392_AGCTAGAA-GTAGAGGA,Mus,GSM4655393,11932072
SRR12152934,ftp.sra.ebi.ac.uk/vol1/fastq/SRR121/034/SRR12152934/SRR12152934.fastq.gz,Day_12,GC071398_ATAGAGAG-AGGCAGAA,Mus,GSM4655788,11845714
SRR12152580,ftp.sra.ebi.ac.uk/vol1/fastq/SRR121/080/SRR12152580/SRR12152580.fastq.gz,Day_8,GC071392_ATAGAGAG-CGGAGCCT,Mus,GSM4655434,11803326
SRR12152806,ftp.sra.ebi.ac.uk/vol1/fastq/SRR121/006/SRR12152806/SRR12152806.fastq.gz,Day_8,GC071392_TATGCAGT-TAGCGCTC,Mus,GSM4655660,11773351
SRR12152639,ftp.sra.ebi.ac.uk/vol1/fastq/SRR121/039/SRR12152639/SRR12152639.fastq.gz,Day_0,GC071392_ATTAGACG-TAGGCATG,Mus,GSM4655493,11759912
SRR12153144,ftp.sra.ebi.ac.uk/vol1/fastq/SRR121/044/SRR12153144/SRR12153144.fastq.gz,Day_12,GC071398_TCTTACGC-TAGCGCTC,Cast,GSM4655998,11743757
SRR12153040,ftp.sra.ebi.ac.uk/vol1/fastq/SRR121/040/SRR12153040/SRR12153040.fastq.gz,Day_12,GC071398_CTCCTTAC-GCTCATGA,Mus,GSM4655894,11670741
SRR12152504,ftp.sra.ebi.ac.uk/vol1/fastq/SRR121/004/SRR12152504/SRR12152504.fastq.gz,Day_8,GC071392_AGAGGATA-ATGCGCAG,Mus,GSM4655358,11656764
SRR12152610,ftp.sra.ebi.ac.uk/vol1/fastq/SRR121/010/SRR12152610/SRR12152610.fastq.gz,Day_10,GC071392_ATAGCCTT-GGAGCTAC,Mus,GSM4655464,11646621
SRR12152732,ftp.sra.ebi.ac.uk/vol1/fastq/SRR121/032/SRR12152732/SRR12152732.fastq.gz,Day_9,GC071392_CTTAATAG-TAAGGCGA,Mus,GSM4655586,11624502
SRR12152747,ftp.sra.ebi.ac.uk/vol1/fastq/SRR121/047/SRR12152747/SRR12152747.fastq.gz,Day_10,GC071392_TAAGGCTC-CGATCAGT,Mus,GSM4655601,11374325
SRR12152550,ftp.sra.ebi.ac.uk/vol1/fastq/SRR121/050/SRR12152550/SRR12152550.fastq.gz,Day_0,GC071392_AGGCTTAG-AGGCAGAA,Mus,GSM4655404,11250489
SRR12153091,ftp.sra.ebi.ac.uk/vol1/fastq/SRR121/091/SRR12153091/SRR12153091.fastq.gz,Day_12,GC071398_TACTCCTT-GTAGAGGA,Mus,GSM4655945,11151635
SRR12153030,ftp.sra.ebi.ac.uk/vol1/fastq/SRR121/030/SRR12153030/SRR12153030.fastq.gz,Day_12,GC071398_CTCCTTAC-AGGCAGAA,Mus,GSM4655884,11140005
SRR12152834,ftp.sra.ebi.ac.uk/vol1/fastq/SRR121/034/SRR12152834/SRR12152834.fastq.gz,Day_10,GC071392_TCGCATAA-TGCAGCTA,Mus,GSM4655688,11113231
SRR12152938,ftp.sra.ebi.ac.uk/vol1/fastq/SRR121/038/SRR12152938/SRR12152938.fastq.gz,Day_12,GC071398_ATAGAGAG-CGAGGCTG,Mus,GSM4655792,11089129
SRR12152483,ftp.sra.ebi.ac.uk/vol1/fastq/SRR121/083/SRR12152483/SRR12152483.fastq.gz,Day_10,GC071392_ACTCTAGG-CGATCAGT,Mus,GSM4655337,10967649
SRR12152796,ftp.sra.ebi.ac.uk/vol1/fastq/SRR121/096/SRR12152796/SRR12152796.fastq.gz,Day_8,GC071392_TATGCAGT-CGGAGCCT,Mus,GSM4655650,10915783
SRR12153125,ftp.sra.ebi.ac.uk/vol1/fastq/SRR121/025/SRR12153125/SRR12153125.fastq.gz,Day_12,GC071398_TCGCATAA-ATGCGCAG,Cast,GSM4655979,10891159
SRR12152836,ftp.sra.ebi.ac.uk/vol1/fastq/SRR121/036/SRR12152836/SRR12152836.fastq.gz,Day_10,GC071392_TCTTACGC-ACTCGCTA,Mus,GSM4655690,10786291
SRR12152848,ftp.sra.ebi.ac.uk/vol1/fastq/SRR121/048/SRR12152848/SRR12152848.fastq.gz,Day_9,GC071392_TCTTACGC-GCTCATGA,Mus,GSM4655702,10630180
SRR12152842,ftp.sra.ebi.ac.uk/vol1/fastq/SRR121/042/SRR12152842/SRR12152842.fastq.gz,Day_9,GC071392_TCTTACGC-CGAGGCTG,Mus,GSM4655696,10586308
SRR12152682,ftp.sra.ebi.ac.uk/vol1/fastq/SRR121/082/SRR12152682/SRR12152682.fastq.gz,Day_10,GC071392_CTAGTCGA-GGAGCTAC,Mus,GSM4655536,10564772
SRR12152823,ftp.sra.ebi.ac.uk/vol1/fastq/SRR121/023/SRR12152823/SRR12152823.fastq.gz,Day_10,GC071392_TCGCATAA-GCGTAGTA,Mus,GSM4655677,10499986
SRR12153110,ftp.sra.ebi.ac.uk/vol1/fastq/SRR121/010/SRR12153110/SRR12153110.fastq.gz,Day_12,GC071398_TATGCAGT-CTCTCTAC,Mus,GSM4655964,10355989
SRR12152515,ftp.sra.ebi.ac.uk/vol1/fastq/SRR121/015/SRR12152515/SRR12152515.fastq.gz,Day_0,GC071392_AGAGGATA-GTAGAGGA,Mus,GSM4655369,10327541
SRR12152728,ftp.sra.ebi.ac.uk/vol1/fastq/SRR121/028/SRR12152728/SRR12152728.fastq.gz,Day_9,GC071392_CTTAATAG-GCTCATGA,Mus,GSM4655582,10145506
SRR12152849,ftp.sra.ebi.ac.uk/vol1/fastq/SRR121/049/SRR12152849/SRR12152849.fastq.gz,Day_9,GC071392_TCTTACGC-GGACTCCT,Mus,GSM4655703,10096115
SRR12153133,ftp.sra.ebi.ac.uk/vol1/fastq/SRR121/033/SRR12153133/SRR12153133.fastq.gz,Day_12,GC071398_TCGCATAA-TCGACGTC,Cast,GSM4655987,10044684
SRR12152792,ftp.sra.ebi.ac.uk/vol1/fastq/SRR121/092/SRR12152792/SRR12152792.fastq.gz,Day_8,GC071392_TATGCAGT-ATGCGCAG,Mus,GSM4655646,10007416
SRR12152567,ftp.sra.ebi.ac.uk/vol1/fastq/SRR121/067/SRR12152567/SRR12152567.fastq.gz,Day_0,GC071392_AGGCTTAG-TAGGCATG,Mus,GSM4655421,9888623
SRR12152995,ftp.sra.ebi.ac.uk/vol1/fastq/SRR121/095/SRR12152995/SRR12152995.fastq.gz,Day_12,GC071398_CGGAGAGA-ATCTCAGG,Mus,GSM4655849,9880144
SRR12152688,ftp.sra.ebi.ac.uk/vol1/fastq/SRR121/088/SRR12152688/SRR12152688.fastq.gz,Day_9,GC071392_CTAGTCGA-TCCTGAGC,Mus,GSM4655542,9830637
SRR12152585,ftp.sra.ebi.ac.uk/vol1/fastq/SRR121/085/SRR12152585/SRR12152585.fastq.gz,Day_0,GC071392_ATAGAGAG-GGACTCCT,Mus,GSM4655439,9821065
SRR12153131,ftp.sra.ebi.ac.uk/vol1/fastq/SRR121/031/SRR12153131/SRR12153131.fastq.gz,Day_12,GC071398_TCGCATAA-TACGCTGC,Cast,GSM4655985,9767561
SRR12153024,ftp.sra.ebi.ac.uk/vol1/fastq/SRR121/024/SRR12153024/SRR12153024.fastq.gz,Day_12,GC071398_CTAGTCGA-TAGCGCTC,Cast,GSM4655878,9562142
SRR12152600,ftp.sra.ebi.ac.uk/vol1/fastq/SRR121/000/SRR12152600/SRR12152600.fastq.gz,Day_10,GC071392_ATAGCCTT-ATGCGCAG,Mus,GSM4655454,9556447
SRR12152824,ftp.sra.ebi.ac.uk/vol1/fastq/SRR121/024/SRR12152824/SRR12152824.fastq.gz,Day_9,GC071392_TCGCATAA-GCTCATGA,Mus,GSM4655678,9529167
SRR12152961,ftp.sra.ebi.ac.uk/vol1/fastq/SRR121/061/SRR12152961/SRR12152961.fastq.gz,Day_12,GC071398_ATAGCCTT-GCGTAGTA,Cast,GSM4655815,9528378
SRR12152767,ftp.sra.ebi.ac.uk/vol1/fastq/SRR121/067/SRR12152767/SRR12152767.fastq.gz,Day_0,GC071392_TACTCCTT-ATCTCAGG,Mus,GSM4655621,9430277
SRR12152803,ftp.sra.ebi.ac.uk/vol1/fastq/SRR121/003/SRR12152803/SRR12152803.fastq.gz,Day_0,GC071392_TATGCAGT-GTAGAGGA,Mus,GSM4655657,9395721
SRR12152583,ftp.sra.ebi.ac.uk/vol1/fastq/SRR121/083/SRR12152583/SRR12152583.fastq.gz,Day_8,GC071392_ATAGAGAG-GCGTAGTA,Mus,GSM4655437,9381408
SRR12152558,ftp.sra.ebi.ac.uk/vol1/fastq/SRR121/058/SRR12152558/SRR12152558.fastq.gz,Day_0,GC071392_AGGCTTAG-CTCTCTAC,Mus,GSM4655412,9363622
SRR12152852,ftp.sra.ebi.ac.uk/vol1/fastq/SRR121/052/SRR12152852/SRR12152852.fastq.gz,Day_9,GC071392_TCTTACGC-TAAGGCGA,Mus,GSM4655706,9347436
SRR12152487,ftp.sra.ebi.ac.uk/vol1/fastq/SRR121/087/SRR12152487/SRR12152487.fastq.gz,Day_10,GC071392_ACTCTAGG-GCGTAGTA,Mus,GSM4655341,9268931
SRR12152703,ftp.sra.ebi.ac.uk/vol1/fastq/SRR121/003/SRR12152703/SRR12152703.fastq.gz,Day_8,GC071392_CTCCTTAC-GCGTAGTA,Mus,GSM4655557,9216763
SRR12152667,ftp.sra.ebi.ac.uk/vol1/fastq/SRR121/067/SRR12152667/SRR12152667.fastq.gz,Day_9,GC071392_CTAGTCGA-AAGAGGCA,Mus,GSM4655521,9211523
SRR12152677,ftp.sra.ebi.ac.uk/vol1/fastq/SRR121/077/SRR12152677/SRR12152677.fastq.gz,Day_9,GC071392_CTAGTCGA-CGTACTAG,Mus,GSM4655531,8998530
SRR12152666,ftp.sra.ebi.ac.uk/vol1/fastq/SRR121/066/SRR12152666/SRR12152666.fastq.gz,Day_8,GC071392_CGGAGAGA-TGCAGCTA,Mus,GSM4655520,8927667
SRR12152651,ftp.sra.ebi.ac.uk/vol1/fastq/SRR121/051/SRR12152651/SRR12152651.fastq.gz,Day_8,GC071392_CGGAGAGA-CGATCAGT,Mus,GSM4655505,8723796
SRR12153031,ftp.sra.ebi.ac.uk/vol1/fastq/SRR121/031/SRR12153031/SRR12153031.fastq.gz,Day_12,GC071398_CTCCTTAC-ATCTCAGG,Mus,GSM4655885,8469125
SRR12152628,ftp.sra.ebi.ac.uk/vol1/fastq/SRR121/028/SRR12152628/SRR12152628.fastq.gz,Day_8,GC071392_ATTAGACG-CGGAGCCT,Mus,GSM4655482,8452074
SRR12152802,ftp.sra.ebi.ac.uk/vol1/fastq/SRR121/002/SRR12152802/SRR12152802.fastq.gz,Day_8,GC071392_TATGCAGT-GGAGCTAC,Mus,GSM4655656,8383886
SRR12152673,ftp.sra.ebi.ac.uk/vol1/fastq/SRR121/073/SRR12152673/SRR12152673.fastq.gz,Day_10,GC071392_CTAGTCGA-CCTAAGAC,Mus,GSM4655527,8363963
SRR12152784,ftp.sra.ebi.ac.uk/vol1/fastq/SRR121/084/SRR12152784/SRR12152784.fastq.gz,Day_0,GC071392_TACTCCTT-TCCTGAGC,Mus,GSM4655638,8273650
SRR12152629,ftp.sra.ebi.ac.uk/vol1/fastq/SRR121/029/SRR12152629/SRR12152629.fastq.gz,Day_0,GC071392_ATTAGACG-CGTACTAG,Mus,GSM4655483,8039582
SRR12153003,ftp.sra.ebi.ac.uk/vol1/fastq/SRR121/003/SRR12153003/SRR12153003.fastq.gz,iPSCs,GC071398_CGGAGAGA-GCGTAGTA,Mus,GSM4655857,7911803
SRR12152668,ftp.sra.ebi.ac.uk/vol1/fastq/SRR121/068/SRR12152668/SRR12152668.fastq.gz,Day_10,GC071392_CTAGTCGA-ACTCGCTA,Mus,GSM4655522,7882841
SRR12152630,ftp.sra.ebi.ac.uk/vol1/fastq/SRR121/030/SRR12152630/SRR12152630.fastq.gz,Day_0,GC071392_ATTAGACG-CTCTCTAC,Mus,GSM4655484,7755581
SRR12153027,ftp.sra.ebi.ac.uk/vol1/fastq/SRR121/027/SRR12153027/SRR12153027.fastq.gz,Day_12,GC071398_CTCCTTAC-AAGAGGCA,Mus,GSM4655881,7398194
SRR12152724,ftp.sra.ebi.ac.uk/vol1/fastq/SRR121/024/SRR12152724/SRR12152724.fastq.gz,Day_10,GC071392_CTTAATAG-CGGAGCCT,Mus,GSM4655578,7355744
SRR12152962,ftp.sra.ebi.ac.uk/vol1/fastq/SRR121/062/SRR12152962/SRR12152962.fastq.gz,Day_12,GC071398_ATAGCCTT-GGAGCTAC,Cast,GSM4655816,7216486
SRR12152656,ftp.sra.ebi.ac.uk/vol1/fastq/SRR121/056/SRR12152656/SRR12152656.fastq.gz,Day_0,GC071392_CGGAGAGA-GCTCATGA,Mus,GSM4655510,7192349
SRR12152573,ftp.sra.ebi.ac.uk/vol1/fastq/SRR121/073/SRR12152573/SRR12152573.fastq.gz,Day_8,GC071392_ATAGAGAG-ACTGAGCG,Mus,GSM4655427,7121535
SRR12153079,ftp.sra.ebi.ac.uk/vol1/fastq/SRR121/079/SRR12153079/SRR12153079.fastq.gz,Day_12,GC071398_TACTCCTT-ATCTCAGG,Mus,GSM4655933,6948126
SRR12152678,ftp.sra.ebi.ac.uk/vol1/fastq/SRR121/078/SRR12152678/SRR12152678.fastq.gz,Day_9,GC071392_CTAGTCGA-CTCTCTAC,Mus,GSM4655532,6796402
SRR12152757,ftp.sra.ebi.ac.uk/vol1/fastq/SRR121/057/SRR12152757/SRR12152757.fastq.gz,Day_10,GC071392_TAAGGCTC-TACGCTGC,Mus,GSM4655611,6788346
SRR12152840,ftp.sra.ebi.ac.uk/vol1/fastq/SRR121/040/SRR12152840/SRR12152840.fastq.gz,Day_10,GC071392_TCTTACGC-ATGCGCAG,Mus,GSM4655694,6656848
SRR12153123,ftp.sra.ebi.ac.uk/vol1/fastq/SRR121/023/SRR12153123/SRR12153123.fastq.gz,Day_12,GC071398_TCGCATAA-ACTCGCTA,Cast,GSM4655977,6347576
SRR12152603,ftp.sra.ebi.ac.uk/vol1/fastq/SRR121/003/SRR12152603/SRR12152603.fastq.gz,Day_10,GC071392_ATAGCCTT-CGATCAGT,Mus,GSM4655457,6303399
SRR12153129,ftp.sra.ebi.ac.uk/vol1/fastq/SRR121/029/SRR12153129/SRR12153129.fastq.gz,Day_12,GC071398_TCGCATAA-GCGTAGTA,Cast,GSM4655983,6269324
SRR12152997,ftp.sra.ebi.ac.uk/vol1/fastq/SRR121/097/SRR12152997/SRR12152997.fastq.gz,iPSCs,GC071398_CGGAGAGA-CCTAAGAC,Mus,GSM4655851,6252106
SRR12152841,ftp.sra.ebi.ac.uk/vol1/fastq/SRR121/041/SRR12152841/SRR12152841.fastq.gz,Day_10,GC071392_TCTTACGC-CCTAAGAC,Mus,GSM4655695,6216913
SRR12152517,ftp.sra.ebi.ac.uk/vol1/fastq/SRR121/017/SRR12152517/SRR12152517.fastq.gz,Day_8,GC071392_AGAGGATA-TACGCTGC,Mus,GSM4655371,6097176
SRR12152855,ftp.sra.ebi.ac.uk/vol1/fastq/SRR121/055/SRR12152855/SRR12152855.fastq.gz,Day_9,GC071392_TCTTACGC-TAGGCATG,Mus,GSM4655709,5999229
SRR12152684,ftp.sra.ebi.ac.uk/vol1/fastq/SRR121/084/SRR12152684/SRR12152684.fastq.gz,Day_9,GC071392_CTAGTCGA-TAAGGCGA,Mus,GSM4655538,5556369
SRR12153126,ftp.sra.ebi.ac.uk/vol1/fastq/SRR121/026/SRR12153126/SRR12153126.fastq.gz,Day_12,GC071398_TCGCATAA-CCTAAGAC,Cast,GSM4655980,5369244
SRR12152731,ftp.sra.ebi.ac.uk/vol1/fastq/SRR121/031/SRR12152731/SRR12152731.fastq.gz,Day_9,GC071392_CTTAATAG-GTAGAGGA,Mus,GSM4655585,5093998
SRR12152523,ftp.sra.ebi.ac.uk/vol1/fastq/SRR121/023/SRR12152523/SRR12152523.fastq.gz,Day_9,GC071392_AGCTAGAA-AAGAGGCA,Mus,GSM4655377,5049312
SRR12153139,ftp.sra.ebi.ac.uk/vol1/fastq/SRR121/039/SRR12153139/SRR12153139.fastq.gz,Day_12,GC071398_TCTTACGC-CGATCAGT,Cast,GSM4655993,4956789
SRR12152491,ftp.sra.ebi.ac.uk/vol1/fastq/SRR121/091/SRR12152491/SRR12152491.fastq.gz,Day_9,GC071392_ACTCTAGG-GTAGAGGA,Mus,GSM4655345,4866280
SRR12152670,ftp.sra.ebi.ac.uk/vol1/fastq/SRR121/070/SRR12152670/SRR12152670.fastq.gz,Day_9,GC071392_CTAGTCGA-AGGCAGAA,Mus,GSM4655524,4814858
SRR12152597,ftp.sra.ebi.ac.uk/vol1/fastq/SRR121/097/SRR12152597/SRR12152597.fastq.gz,Day_10,GC071392_ATAGCCTT-ACTGAGCG,Mus,GSM4655451,4603168
SRR12153010,ftp.sra.ebi.ac.uk/vol1/fastq/SRR121/010/SRR12153010/SRR12153010.fastq.gz,iPSCs,GC071398_CGGAGAGA-TAGCGCTC,Mus,GSM4655864,4467645
SRR12152700,ftp.sra.ebi.ac.uk/vol1/fastq/SRR121/000/SRR12152700/SRR12152700.fastq.gz,Day_8,GC071392_CTCCTTAC-CGGAGCCT,Mus,GSM4655554,4402164
SRR12152556,ftp.sra.ebi.ac.uk/vol1/fastq/SRR121/056/SRR12152556/SRR12152556.fastq.gz,Day_8,GC071392_AGGCTTAG-CGGAGCCT,Mus,GSM4655410,4235500
SRR12152672,ftp.sra.ebi.ac.uk/vol1/fastq/SRR121/072/SRR12152672/SRR12152672.fastq.gz,Day_10,GC071392_CTAGTCGA-ATGCGCAG,Mus,GSM4655526,4154213
SRR12152582,ftp.sra.ebi.ac.uk/vol1/fastq/SRR121/082/SRR12152582/SRR12152582.fastq.gz,Day_0,GC071392_ATAGAGAG-CTCTCTAC,Mus,GSM4655436,4019058
SRR12152588,ftp.sra.ebi.ac.uk/vol1/fastq/SRR121/088/SRR12152588/SRR12152588.fastq.gz,Day_0,GC071392_ATAGAGAG-TAAGGCGA,Mus,GSM4655442,3976207
SRR12152502,ftp.sra.ebi.ac.uk/vol1/fastq/SRR121/002/SRR12152502/SRR12152502.fastq.gz,Day_0,GC071392_AGAGGATA-AGGCAGAA,Mus,GSM4655356,3963311
SRR12152683,ftp.sra.ebi.ac.uk/vol1/fastq/SRR121/083/SRR12152683/SRR12152683.fastq.gz,Day_9,GC071392_CTAGTCGA-GTAGAGGA,Mus,GSM4655537,3675045
SRR12153069,ftp.sra.ebi.ac.uk/vol1/fastq/SRR121/069/SRR12153069/SRR12153069.fastq.gz,Day_12,GC071398_TAAGGCTC-GCGTAGTA,Cast,GSM4655923,3614628
SRR12152636,ftp.sra.ebi.ac.uk/vol1/fastq/SRR121/036/SRR12152636/SRR12152636.fastq.gz,Day_0,GC071392_ATTAGACG-TAAGGCGA,Mus,GSM4655490,3568323
SRR12152535,ftp.sra.ebi.ac.uk/vol1/fastq/SRR121/035/SRR12152535/SRR12152535.fastq.gz,Day_10,GC071392_AGCTAGAA-GCGTAGTA,Mus,GSM4655389,3471920
SRR12153103,ftp.sra.ebi.ac.uk/vol1/fastq/SRR121/003/SRR12153103/SRR12153103.fastq.gz,Day_12,GC071398_TATGCAGT-ATCTCAGG,Mus,GSM4655957,3351516
SRR12153023,ftp.sra.ebi.ac.uk/vol1/fastq/SRR121/023/SRR12153023/SRR12153023.fastq.gz,Day_12,GC071398_CTAGTCGA-TACGCTGC,Cast,GSM4655877,3055176
SRR12153077,ftp.sra.ebi.ac.uk/vol1/fastq/SRR121/077/SRR12153077/SRR12153077.fastq.gz,iPSCs,GC071398_TACTCCTT-ACTGAGCG,Mus,GSM4655931,2847146
SRR12152754,ftp.sra.ebi.ac.uk/vol1/fastq/SRR121/054/SRR12152754/SRR12152754.fastq.gz,Day_10,GC071392_TAAGGCTC-GGAGCTAC,Mus,GSM4655608,2834362
SRR12152984,ftp.sra.ebi.ac.uk/vol1/fastq/SRR121/084/SRR12152984/SRR12152984.fastq.gz,Day_12,GC071398_ATTAGACG-TAAGGCGA,Mus,GSM4655838,2731002
SRR12152574,ftp.sra.ebi.ac.uk/vol1/fastq/SRR121/074/SRR12152574/SRR12152574.fastq.gz,Day_0,GC071392_ATAGAGAG-AGGCAGAA,Mus,GSM4655428,2298853
SRR12153137,ftp.sra.ebi.ac.uk/vol1/fastq/SRR121/037/SRR12153137/SRR12153137.fastq.gz,Day_12,GC071398_TCTTACGC-ATGCGCAG,Cast,GSM4655991,2071079
SRR12152614,ftp.sra.ebi.ac.uk/vol1/fastq/SRR121/014/SRR12152614/SRR12152614.fastq.gz,Day_10,GC071392_ATAGCCTT-TAGCGCTC,Mus,GSM4655468,1956424
SRR12152555,ftp.sra.ebi.ac.uk/vol1/fastq/SRR121/055/SRR12152555/SRR12152555.fastq.gz,Day_8,GC071392_AGGCTTAG-CGATCAGT,Mus,GSM4655409,1859903
SRR12152819,ftp.sra.ebi.ac.uk/vol1/fastq/SRR121/019/SRR12152819/SRR12152819.fastq.gz,Day_10,GC071392_TCGCATAA-CGATCAGT,Mus,GSM4655673,1241917
SRR12152942,ftp.sra.ebi.ac.uk/vol1/fastq/SRR121/042/SRR12152942/SRR12152942.fastq.gz,Day_12,GC071398_ATAGAGAG-CTCTCTAC,Mus,GSM4655796,1241239
SRR12152950,ftp.sra.ebi.ac.uk/vol1/fastq/SRR121/050/SRR12152950/SRR12152950.fastq.gz,iPSCs,GC071398_ATAGAGAG-TAGCGCTC,Mus,GSM4655804,1118434
SRR12152626,ftp.sra.ebi.ac.uk/vol1/fastq/SRR121/026/SRR12152626/SRR12152626.fastq.gz,Day_0,GC071392_ATTAGACG-CGAGGCTG,Mus,GSM4655480,1044242
SRR12152590,ftp.sra.ebi.ac.uk/vol1/fastq/SRR121/090/SRR12152590/SRR12152590.fastq.gz,Day_8,GC071392_ATAGAGAG-TAGCGCTC,Mus,GSM4655444,903693
SRR12152924,ftp.sra.ebi.ac.uk/vol1/fastq/SRR121/024/SRR12152924/SRR12152924.fastq.gz,Day_12,GC071398_AGGCTTAG-TAAGGCGA,Mus,GSM4655778,804891
SRR12152543,ftp.sra.ebi.ac.uk/vol1/fastq/SRR121/043/SRR12152543/SRR12152543.fastq.gz,Day_9,GC071392_AGCTAGAA-TAGGCATG,Mus,GSM4655397,669449
SRR12153001,ftp.sra.ebi.ac.uk/vol1/fastq/SRR121/001/SRR12153001/SRR12153001.fastq.gz,Day_12,GC071398_CGGAGAGA-CGTACTAG,Mus,GSM4655855,585242
SRR12152697,ftp.sra.ebi.ac.uk/vol1/fastq/SRR121/097/SRR12152697/SRR12152697.fastq.gz,Day_8,GC071392_CTCCTTAC-CCTAAGAC,Mus,GSM4655551,462081
SRR12153099,ftp.sra.ebi.ac.uk/vol1/fastq/SRR121/099/SRR12153099/SRR12153099.fastq.gz,Day_12,GC071398_TATGCAGT-AAGAGGCA,Mus,GSM4655953,454379
SRR12152833,ftp.sra.ebi.ac.uk/vol1/fastq/SRR121/033/SRR12152833/SRR12152833.fastq.gz,Day_10,GC071392_TCGCATAA-TCGACGTC,Mus,GSM4655687,418026
SRR12152931,ftp.sra.ebi.ac.uk/vol1/fastq/SRR121/031/SRR12152931/SRR12152931.fastq.gz,Day_12,GC071398_ATAGAGAG-AAGAGGCA,Mus,GSM4655785,371806
SRR12152941,ftp.sra.ebi.ac.uk/vol1/fastq/SRR121/041/SRR12152941/SRR12152941.fastq.gz,Day_12,GC071398_ATAGAGAG-CGTACTAG,Mus,GSM4655795,370878
SRR12153025,ftp.sra.ebi.ac.uk/vol1/fastq/SRR121/025/SRR12153025/SRR12153025.fastq.gz,Day_12,GC071398_CTAGTCGA-TCGACGTC,Cast,GSM4655879,369084
SRR12152897,ftp.sra.ebi.ac.uk/vol1/fastq/SRR121/097/SRR12152897/SRR12152897.fastq.gz,Day_12,GC071398_AGCTAGAA-ATGCGCAG,Cast,GSM4655751,291064
SRR12152958,ftp.sra.ebi.ac.uk/vol1/fastq/SRR121/058/SRR12152958/SRR12152958.fastq.gz,Day_12,GC071398_ATAGCCTT-CCTAAGAC,Cast,GSM4655812,216251
SRR12152805,ftp.sra.ebi.ac.uk/vol1/fastq/SRR121/005/SRR12152805/SRR12152805.fastq.gz,Day_8,GC071392_TATGCAGT-TACGCTGC,Mus,GSM4655659,211730
SRR12152822,ftp.sra.ebi.ac.uk/vol1/fastq/SRR121/022/SRR12152822/SRR12152822.fastq.gz,Day_9,GC071392_TCGCATAA-CTCTCTAC,Mus,GSM4655676,185049
SRR12152645,ftp.sra.ebi.ac.uk/vol1/fastq/SRR121/045/SRR12152645/SRR12152645.fastq.gz,Day_8,GC071392_CGGAGAGA-ACTGAGCG,Mus,GSM4655499,182938
SRR12152818,ftp.sra.ebi.ac.uk/vol1/fastq/SRR121/018/SRR12152818/SRR12152818.fastq.gz,Day_9,GC071392_TCGCATAA-CGAGGCTG,Mus,GSM4655672,173436
SRR12152715,ftp.sra.ebi.ac.uk/vol1/fastq/SRR121/015/SRR12152715/SRR12152715.fastq.gz,Day_9,GC071392_CTTAATAG-AAGAGGCA,Mus,GSM4655569,155291
SRR12152998,ftp.sra.ebi.ac.uk/vol1/fastq/SRR121/098/SRR12152998/SRR12152998.fastq.gz,Day_12,GC071398_CGGAGAGA-CGAGGCTG,Mus,GSM4655852,153079
SRR12153132,ftp.sra.ebi.ac.uk/vol1/fastq/SRR121/032/SRR12153132/SRR12153132.fastq.gz,Day_12,GC071398_TCGCATAA-TAGCGCTC,Cast,GSM4655986,138827
SRR12153142,ftp.sra.ebi.ac.uk/vol1/fastq/SRR121/042/SRR12153142/SRR12153142.fastq.gz,Day_12,GC071398_TCTTACGC-GGAGCTAC,Cast,GSM4655996,123007
SRR12152686,ftp.sra.ebi.ac.uk/vol1/fastq/SRR121/086/SRR12152686/SRR12152686.fastq.gz,Day_10,GC071392_CTAGTCGA-TAGCGCTC,Mus,GSM4655540,122695
SRR12152935,ftp.sra.ebi.ac.uk/vol1/fastq/SRR121/035/SRR12152935/SRR12152935.fastq.gz,Day_12,GC071398_ATAGAGAG-ATCTCAGG,Mus,GSM4655789,120447
SRR12152953,ftp.sra.ebi.ac.uk/vol1/fastq/SRR121/053/SRR12152953/SRR12152953.fastq.gz,iPSCs,GC071398_ATAGAGAG-TCGACGTC,Mus,GSM4655807,118983
SRR12152662,ftp.sra.ebi.ac.uk/vol1/fastq/SRR121/062/SRR12152662/SRR12152662.fastq.gz,Day_8,GC071392_CGGAGAGA-TAGCGCTC,Mus,GSM4655516,116123
SRR12153124,ftp.sra.ebi.ac.uk/vol1/fastq/SRR121/024/SRR12153124/SRR12153124.fastq.gz,Day_12,GC071398_TCGCATAA-ACTGAGCG,Cast,GSM4655978,108907
SRR12152936,ftp.sra.ebi.ac.uk/vol1/fastq/SRR121/036/SRR12152936/SRR12152936.fastq.gz,iPSCs,GC071398_ATAGAGAG-ATGCGCAG,Mus,GSM4655790,103227
SRR12152993,ftp.sra.ebi.ac.uk/vol1/fastq/SRR121/093/SRR12152993/SRR12152993.fastq.gz,iPSCs,GC071398_CGGAGAGA-ACTGAGCG,Mus,GSM4655847,102931
SRR12152830,ftp.sra.ebi.ac.uk/vol1/fastq/SRR121/030/SRR12152830/SRR12152830.fastq.gz,Day_10,GC071392_TCGCATAA-TAGCGCTC,Mus,GSM4655684,98651
SRR12152960,ftp.sra.ebi.ac.uk/vol1/fastq/SRR121/060/SRR12152960/SRR12152960.fastq.gz,Day_12,GC071398_ATAGCCTT-CGGAGCCT,Cast,GSM4655814,96991
SRR12152965,ftp.sra.ebi.ac.uk/vol1/fastq/SRR121/065/SRR12152965/SRR12152965.fastq.gz,Day_12,GC071398_ATAGCCTT-TCGACGTC,Cast,GSM4655819,94031
SRR12152813,ftp.sra.ebi.ac.uk/vol1/fastq/SRR121/013/SRR12152813/SRR12152813.fastq.gz,Day_10,GC071392_TCGCATAA-ACTGAGCG,Mus,GSM4655667,93935
SRR12152650,ftp.sra.ebi.ac.uk/vol1/fastq/SRR121/050/SRR12152650/SRR12152650.fastq.gz,Day_0,GC071392_CGGAGAGA-CGAGGCTG,Mus,GSM4655504,92187
SRR12152654,ftp.sra.ebi.ac.uk/vol1/fastq/SRR121/054/SRR12152654/SRR12152654.fastq.gz,Day_0,GC071392_CGGAGAGA-CTCTCTAC,Mus,GSM4655508,91935
SRR12153049,ftp.sra.ebi.ac.uk/vol1/fastq/SRR121/049/SRR12153049/SRR12153049.fastq.gz,iPSCs,GC071398_CTCCTTAC-TCGACGTC,Mus,GSM4655903,91659
SRR12153097,ftp.sra.ebi.ac.uk/vol1/fastq/SRR121/097/SRR12153097/SRR12153097.fastq.gz,iPSCs,GC071398_TACTCCTT-TCGACGTC,Mus,GSM4655951,91263
SRR12152847,ftp.sra.ebi.ac.uk/vol1/fastq/SRR121/047/SRR12152847/SRR12152847.fastq.gz,Day_10,GC071392_TCTTACGC-GCGTAGTA,Mus,GSM4655701,87743
SRR12152963,ftp.sra.ebi.ac.uk/vol1/fastq/SRR121/063/SRR12152963/SRR12152963.fastq.gz,Day_12,GC071398_ATAGCCTT-TACGCTGC,Cast,GSM4655817,83307
SRR12152679,ftp.sra.ebi.ac.uk/vol1/fastq/SRR121/079/SRR12152679/SRR12152679.fastq.gz,Day_10,GC071392_CTAGTCGA-GCGTAGTA,Mus,GSM4655533,83235
SRR12152865,ftp.sra.ebi.ac.uk/vol1/fastq/SRR121/065/SRR12152865/SRR12152865.fastq.gz,Day_12,GC071398_ACTCTAGG-GCGTAGTA,Cast,GSM4655719,83135
SRR12153062,ftp.sra.ebi.ac.uk/vol1/fastq/SRR121/062/SRR12153062/SRR12153062.fastq.gz,Day_12,GC071398_CTTAATAG-TGCAGCTA,Cast,GSM4655916,82987
SRR12152957,ftp.sra.ebi.ac.uk/vol1/fastq/SRR121/057/SRR12152957/SRR12152957.fastq.gz,Day_12,GC071398_ATAGCCTT-ATGCGCAG,Cast,GSM4655811,82615
SRR12152966,ftp.sra.ebi.ac.uk/vol1/fastq/SRR121/066/SRR12152966/SRR12152966.fastq.gz,Day_12,GC071398_ATAGCCTT-TGCAGCTA,Cast,GSM4655820,82611
SRR12152860,ftp.sra.ebi.ac.uk/vol1/fastq/SRR121/060/SRR12152860/SRR12152860.fastq.gz,Day_12,GC071398_ACTCTAGG-ACTGAGCG,Cast,GSM4655714,82591
SRR12152956,ftp.sra.ebi.ac.uk/vol1/fastq/SRR121/056/SRR12152956/SRR12152956.fastq.gz,Day_12,GC071398_ATAGCCTT-ACTGAGCG,Cast,GSM4655810,82567
SRR12152959,ftp.sra.ebi.ac.uk/vol1/fastq/SRR121/059/SRR12152959/SRR12152959.fastq.gz,Day_12,GC071398_ATAGCCTT-CGATCAGT,Cast,GSM4655813,82543
SRR12152632,ftp.sra.ebi.ac.uk/vol1/fastq/SRR121/032/SRR12152632/SRR12152632.fastq.gz,Day_0,GC071392_ATTAGACG-GCTCATGA,Mus,GSM4655486,82543
SRR12152593,ftp.sra.ebi.ac.uk/vol1/fastq/SRR121/093/SRR12152593/SRR12152593.fastq.gz,Day_8,GC071392_ATAGAGAG-TCGACGTC,Mus,GSM4655447,82519
SRR12153134,ftp.sra.ebi.ac.uk/vol1/fastq/SRR121/034/SRR12153134/SRR12153134.fastq.gz,Day_12,GC071398_TCGCATAA-TGCAGCTA,Cast,GSM4655988,82415
SRR12152964,ftp.sra.ebi.ac.uk/vol1/fastq/SRR121/064/SRR12152964/SRR12152964.fastq.gz,Day_12,GC071398_ATAGCCTT-TAGCGCTC,Cast,GSM4655818,82411
SRR12152669,ftp.sra.ebi.ac.uk/vol1/fastq/SRR121/069/SRR12152669/SRR12152669.fastq.gz,Day_10,GC071392_CTAGTCGA-ACTGAGCG,Mus,GSM4655523,82399
SRR12153136,ftp.sra.ebi.ac.uk/vol1/fastq/SRR121/036/SRR12153136/SRR12153136.fastq.gz,Day_12,GC071398_TCTTACGC-ACTGAGCG,Cast,GSM4655990,82371
SRR12152980,ftp.sra.ebi.ac.uk/vol1/fastq/SRR121/080/SRR12152980/SRR12152980.fastq.gz,Day_12,GC071398_ATTAGACG-GCTCATGA,Mus,GSM4655834,82371
SRR12152952,ftp.sra.ebi.ac.uk/vol1/fastq/SRR121/052/SRR12152952/SRR12152952.fastq.gz,Day_12,GC071398_ATAGAGAG-TCCTGAGC,Mus,GSM4655806,82335
SRR12152581,ftp.sra.ebi.ac.uk/vol1/fastq/SRR121/081/SRR12152581/SRR12152581.fastq.gz,Day_0,GC071392_ATAGAGAG-CGTACTAG,Mus,GSM4655435,82335
SRR12152557,ftp.sra.ebi.ac.uk/vol1/fastq/SRR121/057/SRR12152557/SRR12152557.fastq.gz,Day_0,GC071392_AGGCTTAG-CGTACTAG,Mus,GSM4655411,79803
